"FechayHora","LinkOrigen","TituloOrigen","Titulo","Imagen","Intro","Noticia","Datos"
"08/08/2025 17:50:29","https://infobae.com/economia/2025/08/08/competencia-de-monedas-como-funcionaran-los-cheques-electronicos-en-dolares-que-aprobo-el-bcra/","Competencia de monedas: cómo funcionarán los cheques electrónicos en dólares que aprobó el BCRA","Se consultó el Titulo a la IA","https://encrypted-tbn0.gstatic.com/images?q=tbn:ANd9GcTJTGPGrVYQvn8cYz60oXqMx42Eyl-pTSDt2lDnPvZnJiADCjnrGhCyEqVDAg&amp;s","Se consultó la Nota a la IA","Se consultó la Nota a la IA","Se consultó el Datos a la IA"
"08/08/2025 17:50:30","https://infobae.com/sociedad/policiales/2025/08/08/una-ferrari-amarilla-despisto-en-la-ruta-y-quedo-completamente-destrozada-investigan-las-causas-del-accidente/","Una Ferrari despistó en la ruta y quedó completamente destrozada: investigan las causas del accidente","Se consultó el Titulo a la IA","https://encrypted-tbn0.gstatic.com/images?q=tbn:ANd9GcTUv-NiJutlJc050Vc7Vw8owbSuiCGpDZetR6n50uJkPfb45k26tXOLfelq-Q&amp;s","Se consultó la Nota a la IA","Se consultó la Nota a la IA","Se consultó el Datos a la IA"
"08/08/2025 17:50:30","https://infobae.com/politica/2025/08/05/milei-apunto-contra-el-kirchnerismo-por-criticar-el-veto-a-los-jubilados-decian-que-era-una-ley-de-quiebra/","Milei afirmó que la elección en la provincia de Buenos Aires &quot;podría significar el fin del kirchnerismo&quot;","Se consultó el Titulo a la IA","https://encrypted-tbn0.gstatic.com/images?q=tbn:ANd9GcQAPNIZDPf8joi1a9NQfMNAx5uARbnNdfX7mDxL5qiJw1UVzQSTYC0486mQWuo&amp;s","Se consultó la Nota a la IA","Se consultó la Nota a la IA","Se consultó el Datos a la IA"
"08/08/2025 17:50:30","https://infobae.com/revista-chacra/2025/08/06/emergencia-hidrica-en-nueve-de-julio-preocupacion-por-los-campos-anegados-y-la-falta-de-caminos/","Emergencia hídrica en Nueve de Julio: preocupación por los campos anegados y la falta de caminos","Se consultó el Titulo a la IA","https://encrypted-tbn0.gstatic.com/images?q=tbn:ANd9GcQN5YtdKke_hN_Ljql89ktUDymvmr4NfBB9tQGdsIt35u4DvoPMadMyCG123g&amp;s","Se consultó la Nota a la IA","Se consultó la Nota a la IA","Se consultó el Datos a la IA"
"08/08/2025 17:50:30","https://infobae.com/cultura/2025/08/07/censura-en-india-25-libros-fueron-prohibidos-en-cachemira-una-region-en-disputa/","Censura en India: 25 libros fueron prohibidos en Cachemira, una región en disputa","Se consultó el Titulo a la IA","https://encrypted-tbn0.gstatic.com/images?q=tbn:ANd9GcS8IRaTL7BjlHuKDAeo2t_WgUxAg6RMD6wLxau24Zdw_BLgEiSFRV_RpvMizjU&amp;s","Se consultó la Nota a la IA","Se consultó la Nota a la IA","Se consultó el Datos a la IA"
"08/08/2025 17:50:30","https://infobae.com/cultura/2025/08/07/no-ficcion-estas-son-las-principales-novedades-de-agosto/","No ficción: estas son las principales novedades de agosto","Se consultó el Titulo a la IA","https://encrypted-tbn0.gstatic.com/images?q=tbn:ANd9GcQkYukxR1K2_PXYeK0xup7Ud-u1WAcitfkTX98on4_D7EXFzq6zPwLT0U-Tww&amp;s","Se consultó la Nota a la IA","Se consultó la Nota a la IA","Se consultó el Datos a la IA"
"08/08/2025 17:50:30","https://infobae.com/cultura/2025/08/07/el-fenomeno-hamilton-un-hito-cultural-y-economico-que-redefinio-el-teatro-contemporaneo/","El fenómeno “Hamilton”, un hito cultural y económico que redefinió el teatro contemporáneo","Se consultó el Titulo a la IA","https://encrypted-tbn0.gstatic.com/images?q=tbn:ANd9GcSiZA7QNIPIwBgZVgJ1USWgTloZNU24viO__lFxyvpf-Mp9tvlOZxzql_DXaYo&amp;s","Se consultó la Nota a la IA","Se consultó la Nota a la IA","Se consultó el Datos a la IA"
"08/08/2025 17:50:30","https://infobae.com/revista-chacra/2025/08/06/china-salio-a-venderle-aceite-de-soja-barato-a-nuestro-mayor-cliente/","China salió a venderle aceite de soja barato a nuestro mayor cliente","Se consultó el Titulo a la IA","https://encrypted-tbn0.gstatic.com/images?q=tbn:ANd9GcRw9_iPfpNMBZwLjQdrUx_2IbD0N9hLI7oXJtGBHVbBgkPZwbCoVAhV5eW7C2g&amp;s","Se consultó la Nota a la IA","Se consultó la Nota a la IA","Se consultó el Datos a la IA"
"08/08/2025 17:50:30","https://infobae.com/revista-chacra/2025/08/07/cordoba-cosecha-protagonismo-proyecciones-alentadoras-y-alivio-fiscal-para-el-agro-en-202425/","Córdoba cosecha protagonismo: proyecciones alentadoras y alivio fiscal para el agro en 2024/25","Se consultó el Titulo a la IA","https://encrypted-tbn0.gstatic.com/images?q=tbn:ANd9GcR55_o7AHPPiiXYJRhGIvzv_TmfldcMrnNFgLd2d8PL3bBRlnEu3MADYRVjsDM&amp;s","Se consultó la Nota a la IA","Se consultó la Nota a la IA","Se consultó el Datos a la IA"
"08/08/2025 17:50:30","https://infobae.com/revista-chacra/2025/08/07/el-secretario-iraeta-convoco-a-los-productores-a-sembrar-con-el-mismo-impetu-de-siempre/","El secretario Iraeta convocó a los productores a sembrar “con el mismo ímpetu de siempre”","Se consultó el Titulo a la IA","https://encrypted-tbn0.gstatic.com/images?q=tbn:ANd9GcTXxHOURfiYbjcVaSjpHbmTjnqT2a7hiP5ZlymKpm8nYCa90dYQtDaWtJiS-w&amp;s","Se consultó la Nota a la IA","Se consultó la Nota a la IA","Se consultó el Datos a la IA"
"08/08/2025 17:50:30","https://infobae.com/america/america-latina/2025/08/07/eeuu-cuestiono-la-presencia-de-china-en-el-canal-de-panama-y-pidio-terminar-la-concesion-a-la-empresa-portuaria-hutchison/","EEUU cuestionó la presencia de China en el canal de Panamá y pidió terminar la concesión a la empresa portuaria Hutchison","Se consultó el Titulo a la IA","https://encrypted-tbn0.gstatic.com/images?q=tbn:ANd9GcRKIcJr645x639eWYCzbhCJSjNO-wwOvjsgDB9j9RGmZySMToqskI9f_gmt9_g&amp;s","Se consultó la Nota a la IA","Se consultó la Nota a la IA","Se consultó el Datos a la IA"
"08/08/2025 17:50:30","https://infobae.com/movant/2025/08/06/el-mercado-de-espacios-logisticos-muestra-senales-de-reactivacion-y-crecimiento-sostenido/","El mercado de espacios logísticos muestra señales de reactivación y crecimiento sostenido","Se consultó el Titulo a la IA","https://encrypted-tbn0.gstatic.com/images?q=tbn:ANd9GcRU-aIcRI29NbRJDUt7Jnmcjl_iXQmF_5kS_E3xirGl77lImZptVfiIdqPI0EE&amp;s","Se consultó la Nota a la IA","Se consultó la Nota a la IA","Se consultó el Datos a la IA"
"08/08/2025 17:50:30","https://infobae.com/movant/2025/08/05/los-costos-logisticos-sin-transporte-aumentaron-402-en-julio-y-acumulan-una-suba-del-19-en-2025/","Los costos logísticos sin transporte aumentaron 4,02% en julio y acumulan una suba del 19% en 2025","Se consultó el Titulo a la IA","https://encrypted-tbn0.gstatic.com/images?q=tbn:ANd9GcSK8Nx7Ei0Nf-4lH_6i563qxO9onOC5Vc9kFRNzuUBzpKrA_lmuc1E02XeTbAo&amp;s","Se consultó la Nota a la IA","Se consultó la Nota a la IA","Se consultó el Datos a la IA"
"08/08/2025 17:50:30","https://infobae.com/sociedad/policiales/2025/08/07/ordeno-un-asesinato-desde-una-carcel-de-rosario-lo-vio-por-videollamada-y-volvio-a-ser-condenado/","Ordenó un asesinato desde una cárcel de Rosario, lo vio por videollamada y volvió a ser condenado","Se consultó el Titulo a la IA","https://encrypted-tbn0.gstatic.com/images?q=tbn:ANd9GcTNvAZvrsKE5Km9Q3EMvuVk1gg2AyTzPQQLlKF99wAzOIvguSdA_Ixnhpzi-A&amp;s","Se consultó la Nota a la IA","Se consultó la Nota a la IA","Se consultó el Datos a la IA"
"08/08/2025 17:50:30","https://infobae.com/america/mundo/2025/08/07/un-desertor-norcoreano-fue-rescatado-por-el-ejercito-de-corea-del-sur-tras-cruzar-un-rio-con-flotadores-improvisados/","Un desertor norcoreano fue rescatado por el Ejército de Corea del Sur tras cruzar un río con flotadores improvisados","Se consultó el Titulo a la IA","https://encrypted-tbn0.gstatic.com/images?q=tbn:ANd9GcTrtZr74qn2OvdZG0IgMZLuoOjk8-sgE11GZ-YmnlXoaRMHxYtQPwkpt9wb_uU&amp;s","Se consultó la Nota a la IA","Se consultó la Nota a la IA","Se consultó el Datos a la IA"
"08/08/2025 17:50:30","https://infobae.com/cultura/2025/08/07/las-nuevas-peliculas-de-george-clooney-lucrecia-martel-y-kleber-mendonca-filho-se-suman-al-new-york-film-festival/","Nuevas películas de George Clooney, Lucrecia Martel y Kleber Mendonça se suman al New York Film Festival","Se consultó el Titulo a la IA","https://encrypted-tbn0.gstatic.com/images?q=tbn:ANd9GcTrt8GcKgGLvHtNHCToxwdvh2gQ8rr04s4AAR0Njau0q4r2gkGWKpChRHHwpA&amp;s","Se consultó la Nota a la IA","Se consultó la Nota a la IA","Se consultó el Datos a la IA"
"08/08/2025 17:50:30","https://infobae.com/movant/2025/08/06/belgrano-cargas-lanza-licitacion-por-usd-536-millones-para-obras-en-la-linea-urquiza/","Belgrano Cargas lanza licitación por USD 5,36 millones para obras en la línea Urquiza","Se consultó el Titulo a la IA","https://encrypted-tbn0.gstatic.com/images?q=tbn:ANd9GcTrqvxSAzkt_leVfsNZ8tC4SJoWr16Y90p9PzJYohVgZpDBkzzf2EpiNElQ3g&amp;s","Se consultó la Nota a la IA","Se consultó la Nota a la IA","Se consultó el Datos a la IA"
"08/08/2025 17:50:30","https://infobae.com/sociedad/policiales/2025/08/07/detectaron-a-dos-mulas-en-un-micro-que-habia-salido-de-salta-estaban-ingestadas-con-197-capsulas-de-cocaina/","Detectaron a dos mulas en un micro que había salido de Salta: estaban ingestadas con 197 cápsulas de cocaína","Se consultó el Titulo a la IA","https://encrypted-tbn0.gstatic.com/images?q=tbn:ANd9GcRlvkPMBcDOQqsIxIrfSlKN2M0ZZHpGBa5NgEucxsvg-DD0rIgrFb_9SKBoBAY&amp;s","Se consultó la Nota a la IA","Se consultó la Nota a la IA","Se consultó el Datos a la IA"
"08/08/2025 17:50:30","https://infobae.com/sociedad/policiales/2025/08/04/asi-le-robaron-a-un-juez-de-la-corte-suprema-de-santa-fe/","Así le robaron a un juez de la Corte Suprema de Santa Fe","Se consultó el Titulo a la IA","https://encrypted-tbn0.gstatic.com/images?q=tbn:ANd9GcSZm9zlvaz7f3j4l7jt_XlCs7O_1ITaOJ6UNfD5FLugGQgmWRyqxUHz1eQQqQ&amp;s","Se consultó la Nota a la IA","Se consultó la Nota a la IA","Se consultó el Datos a la IA"
"08/08/2025 17:50:30","https://infobae.com/salud/2025/08/04/la-eleccion-alimentaria-clave-que-influye-en-el-descenso-de-peso-segun-una-investigacion/","La elección alimentaria clave que influye en el descenso de peso, según una investigación","Se consultó el Titulo a la IA","https://encrypted-tbn0.gstatic.com/images?q=tbn:ANd9GcRSK8FSCVBkM_6DaXq2erBbbfRpCPhAEfERSfaSXkJy_mv5fdFCgP9V52suPQ&amp;s","Se consultó la Nota a la IA","Se consultó la Nota a la IA","Se consultó el Datos a la IA"
"08/08/2025 17:50:30","https://infobae.com/inhouse/2025/08/07/temporada-de-invierno-como-aprovechar-los-descuentos-en-diferentes-destinos-turisticos-nacionales/","Temporada de invierno: cómo aprovechar los descuentos en diferentes destinos turísticos nacionales","Se consultó el Titulo a la IA","https://encrypted-tbn0.gstatic.com/images?q=tbn:ANd9GcTxUOIWDY4xV4cahiOlh6GWZviQa2EjK_ea7r8_nroAwozkm13tukWqs2hS4Q&amp;s","Se consultó la Nota a la IA","Se consultó la Nota a la IA","Se consultó el Datos a la IA"
"08/08/2025 17:50:30","https://infobae.com/deportes/2025/08/04/los-videos-ineditos-de-las-detenciones-de-colapinto-y-gasly-en-el-gp-de-hungria-la-falla-con-el-auto-del-argentino/","Los videos inéditos de las detenciones de Colapinto y Gasly: la falla con el auto del argentino","Se consultó el Titulo a la IA","https://encrypted-tbn0.gstatic.com/images?q=tbn:ANd9GcT5fGcHljrjF6UlV6yO-crOO5n8PahZed8ozXCMeSE-9s91Otxd4mMdp_i9Iw&amp;s","Se consultó la Nota a la IA","Se consultó la Nota a la IA","Se consultó el Datos a la IA"
"08/08/2025 17:50:30","https://infobae.com/sociedad/2025/08/04/es-un-milagro-hablo-la-familia-de-la-nena-que-estaba-con-mila-yankelevich-y-sobrevivio-al-tragico-accidente-en-miami/","Habló la familia de la nena que estaba con Mila Yankelevich y sobrevivió al trágico accidente en Miami","Se consultó el Titulo a la IA","https://encrypted-tbn0.gstatic.com/images?q=tbn:ANd9GcSDKDV9Kt5xVtETY64_d9_9_jbBDPDmgHlKKl1XkgNgVI9c7wHXq0t-Bgh4wVg&amp;s","Se consultó la Nota a la IA","Se consultó la Nota a la IA","Se consultó el Datos a la IA"
"08/08/2025 17:50:30","https://infobae.com/politica/2025/08/05/el-gobierno-disolvio-la-comision-nacional-de-alimentos-la-anmat-y-el-senasa-asumiran-el-control-total-del-codigo-alimentario/","Disolvieron la CONAL: la ANMAT y el SENASA asumirán el control total del Código Alimentario","Se consultó el Titulo a la IA","https://encrypted-tbn0.gstatic.com/images?q=tbn:ANd9GcSqAwDW6IdGF7Nib_Uoos75S9b8xFWnNigNMNRXUeMo2wIWRtBhaAYcxFQZOWU&amp;s","Se consultó la Nota a la IA","Se consultó la Nota a la IA","Se consultó el Datos a la IA"
"08/08/2025 17:50:30","https://infobae.com/movant/2025/08/01/argentina-flexibiliza-el-regimen-de-transbordos-fluviales-para-agilizar-la-logistica-portuaria/","Flexibilizan el régimen de transbordos fluviales para agilizar la logística portuaria","Se consultó el Titulo a la IA","https://encrypted-tbn0.gstatic.com/images?q=tbn:ANd9GcSqgS-QQdcriRVNYroh0FGYbCL13lM0zgs_z3E9kKIwA3DT4FndT0xUlbkhog&amp;s","Se consultó la Nota a la IA","Se consultó la Nota a la IA","Se consultó el Datos a la IA"
"08/08/2025 17:50:30","https://infobae.com/economia/2025/08/05/en-solo-cuatro-anos-6500-productores-dejaron-de-sembrar-soja-por-que-ocurre-y-a-que-granos-rotaron/","En sólo cuatro años, 6.500 productores dejaron de sembrar soja: por qué ocurre y a qué granos rotaron","Se consultó el Titulo a la IA","https://encrypted-tbn0.gstatic.com/images?q=tbn:ANd9GcSUDf4sjm1Fjn8kOS_bM4bw3zc0rf4j3zdQ1zuCSHvUpxGbkwCyRGIiOhuQ1A&amp;s","Se consultó la Nota a la IA","Se consultó la Nota a la IA","Se consultó el Datos a la IA"
"08/08/2025 17:50:30","https://infobae.com/inhouse/2025/08/05/como-se-incorpora-la-inteligencia-artificial-en-la-educacion-superior-sin-dejar-de-lado-el-pensamiento-critico/","Cómo se incorpora la inteligencia artificial en la educación superior sin dejar de lado el pensamiento crítico","Se consultó el Titulo a la IA","https://encrypted-tbn0.gstatic.com/images?q=tbn:ANd9GcQMvnf5ekfh4rdGSoN-fF5MDdQsULMZd8NL9aPdQ2EKCUb78tJIjHXXYrwThg&amp;s","Se consultó la Nota a la IA","Se consultó la Nota a la IA","Se consultó el Datos a la IA"
"08/08/2025 17:50:30","https://infobae.com/cultura/2025/08/05/la-huida-de-un-campo-nazi-y-la-fuerza-de-la-solidaridad-femenina-ante-el-horror/","La huida de un campo nazi y la fuerza de la solidaridad femenina ante el horror","Se consultó el Titulo a la IA","https://encrypted-tbn0.gstatic.com/images?q=tbn:ANd9GcQARwo699afKXOx-PPAHYtqfNtoorTrTdIuKIe9i_dcJG2HNq5sWy9s-77e4wE&amp;s","Se consultó la Nota a la IA","Se consultó la Nota a la IA","Se consultó el Datos a la IA"
"08/08/2025 17:50:30","https://infobae.com/sociedad/2025/08/05/examen-de-residencias-medicas-como-son-las-condiciones-en-las-que-se-rendira-la-nueva-instancia/","Examen de residencias médicas: cómo son las condiciones en las que se rendirá la nueva instancia","Se consultó el Titulo a la IA","https://encrypted-tbn0.gstatic.com/images?q=tbn:ANd9GcTg33L7T9oMiXaRUadSpZxdHlkb-MxMKAFzAmtvhIJ59nF-dHlkTU4Wq3Ptg3I&amp;s","Se consultó la Nota a la IA","Se consultó la Nota a la IA","Se consultó el Datos a la IA"
"08/08/2025 17:50:30","https://infobae.com/america/ciencia-america/2025/08/07/alerta-por-un-brote-del-virus-chikungunya-en-el-sur-de-china-como-se-transmite/","Alerta por un brote del virus chikungunya en el sur de China: cómo se transmite","Se consultó el Titulo a la IA","https://encrypted-tbn0.gstatic.com/images?q=tbn:ANd9GcRtg4gXOm3ulCveShVs57VQCH2QoLXlabayebsRzQI09y1KDzloNAOxibQ7MK4&amp;s","Se consultó la Nota a la IA","Se consultó la Nota a la IA","Se consultó el Datos a la IA"
"08/08/2025 17:50:30","https://infobae.com/sociedad/2025/08/05/a-vos-te-parece-bien-esto-asi-son-los-operativos-policiales-con-las-personas-que-revisan-contenedores-en-caba/","“¿A vos te parece bien esto?“: así son los operativos policiales con las personas que revisan contenedores en CABA","Se consultó el Titulo a la IA","https://encrypted-tbn0.gstatic.com/images?q=tbn:ANd9GcRwpim8TyjKUIFYv0MubymYHmrRBwZTrdE1-vv_dw-yy0jB-ENXJmM64IDY7N8&amp;s","Se consultó la Nota a la IA","Se consultó la Nota a la IA","Se consultó el Datos a la IA"
"08/08/2025 17:50:30","https://infobae.com/revista-chacra/2025/08/03/yeso-para-el-campo-una-solucion-que-hace-crecer-el-maiz-y-duplica-el-trigo/","Yeso para el campo: una solución que hace crecer el maíz y duplica el trigo","Se consultó el Titulo a la IA","https://encrypted-tbn0.gstatic.com/images?q=tbn:ANd9GcQdyDQzhv7MNBuA4UgLZenk6wNopWzDX93ZwahaUzf7-cPBWdOCK4GnWlcO0w&amp;s","Se consultó la Nota a la IA","Se consultó la Nota a la IA","Se consultó el Datos a la IA"
"08/08/2025 17:50:30","https://infobae.com/revista-chacra/2025/08/04/productores-ganaderos-de-brasil-en-alerta-por-aranceles-de-eeuu/","Ganaderos de Brasil en alerta por aranceles de EE.UU.","Se consultó el Titulo a la IA","https://encrypted-tbn0.gstatic.com/images?q=tbn:ANd9GcQAZ-C1aE7_35ttanP4mfGcYCssNrpN-OO_UCy-kAXoLWfwZcFGNSFEtvfTBgk&amp;s","Se consultó la Nota a la IA","Se consultó la Nota a la IA","Se consultó el Datos a la IA"
"08/08/2025 17:50:30","https://infobae.com/sociedad/2025/08/05/buscan-intensamente-a-un-guia-turistico-argentino-que-desaparecio-en-paraguay/","Buscan intensamente a un guía turístico argentino que desapareció en Paraguay","Se consultó el Titulo a la IA","https://encrypted-tbn0.gstatic.com/images?q=tbn:ANd9GcSQOU-NAdGxKSBMHgkevhFXKqU6twQoUHlHMDrKaH_RXdlEFWGamh8APtamano&amp;s","Se consultó la Nota a la IA","Se consultó la Nota a la IA","Se consultó el Datos a la IA"
"08/08/2025 17:50:30","https://infobae.com/america/america-latina/2025/08/05/el-gobierno-de-donald-trump-cuestiono-la-decision-del-tribunal-supremo-de-justicia-de-brasil-de-encarcelar-a-jair-bolsonaro/","EEUU cuestionó la decisión del Supremo Tribunal Federal de Brasil de encarcelar a Bolsonaro: &quot;Amenaza la democracia&quot;","Se consultó el Titulo a la IA","https://encrypted-tbn0.gstatic.com/images?q=tbn:ANd9GcSVotoKBmuiga6mO2GzVhdwQCy_NWywVCrirfhgtJp-y7FXXMHCrQvYzaIVDsQ&amp;s","Se consultó la Nota a la IA","Se consultó la Nota a la IA","Se consultó el Datos a la IA"
"08/08/2025 17:50:30","https://infobae.com/movant/2025/08/02/inversion-ferroviaria-refuerza-el-transporte-de-granos-llegaron-90-nuevos-vagones-al-pais/","Inversión ferroviaria refuerza el transporte de granos: llegaron 90 nuevos vagones al país","Se consultó el Titulo a la IA","https://encrypted-tbn0.gstatic.com/images?q=tbn:ANd9GcSRD0uNfiZQEQrRx9Xkt5Cx9ppVIC5nL7Jo5pzO47ptr8xeAalYi7PZr_VipH4&amp;s","Se consultó la Nota a la IA","Se consultó la Nota a la IA","Se consultó el Datos a la IA"
"08/08/2025 17:50:30","https://infobae.com/sociedad/2025/08/05/incendio-y-derrumbe-en-un-deposito-de-plasticos-de-monte-grande-varias-dotaciones-de-bomberos-trabajan-en-el-lugar/","Incendio y derrumbe en un depósito de plásticos de Monte Grande: varias dotaciones de bomberos trabajan en el lugar","Se consultó el Titulo a la IA","https://encrypted-tbn0.gstatic.com/images?q=tbn:ANd9GcS5qcyVehb_lqqB_z9ZNoNs5tGD17yX8JYCcnqPV0OfKFAdSpT-FbClUZF6-A&amp;s","Se consultó la Nota a la IA","Se consultó la Nota a la IA","Se consultó el Datos a la IA"
"08/08/2025 17:50:30","https://infobae.com/sociedad/2025/08/05/un-impactante-incendio-se-desato-en-una-casa-de-belgrano-y-rescataron-a-dos-personas-que-estaban-atrapadas/","Un impactante incendio se desató en una casa de Belgrano y rescataron a dos personas que estaban atrapadas","Se consultó el Titulo a la IA","https://encrypted-tbn0.gstatic.com/images?q=tbn:ANd9GcQwdz2X4KMtVU-FkJo_cFmrvMgE9H4grRAdP1YsXMNxQlXWXJrhWYojW1ud5Wc&amp;s","Se consultó la Nota a la IA","Se consultó la Nota a la IA","Se consultó el Datos a la IA"
"08/08/2025 17:50:30","https://infobae.com/sociedad/policiales/2025/08/05/comienza-el-juicio-contra-un-hombre-acusado-de-matar-a-golpes-su-beba-e-incendiar-su-casa-en-villa-fiorito/","Comienza el juicio contra un hombre acusado de matar a golpes su beba e incendiar su casa en Villa Fiorito","Se consultó el Titulo a la IA","https://encrypted-tbn0.gstatic.com/images?q=tbn:ANd9GcQodPHKTKfdZ9e_mYaQsHeq-JQ5RlIY0_AEyB0M8SruUNz2Xp_HtQC9cDxQ2Bo&amp;s","Se consultó la Nota a la IA","Se consultó la Nota a la IA","Se consultó el Datos a la IA"
"08/08/2025 17:50:30","https://infobae.com/politica/2025/08/05/el-gobierno-aumento-los-salarios-de-las-fuerzas-armadas-y-la-policia-de-los-establecimientos-navales/","El Gobierno aumentó los salarios de las Fuerzas Armadas y la Policía de los Establecimientos Navales","Se consultó el Titulo a la IA","https://encrypted-tbn0.gstatic.com/images?q=tbn:ANd9GcQ9b0oDDuJQsT6YiAR1AzwrhZBN9DWvNGYzribq2_opz98LzrTnbpWbbtajwA&amp;s","Se consultó la Nota a la IA","Se consultó la Nota a la IA","Se consultó el Datos a la IA"
"08/08/2025 17:50:30","https://infobae.com/america/mundo/2025/08/05/tras-mas-de-un-ano-de-restricciones-israel-permitira-el-ingreso-parcial-de-productos-del-sector-privado-a-gaza/","Tras más de un año de restricciones, Israel permitirá el ingreso parcial de productos del sector privado a Gaza","Se consultó el Titulo a la IA","https://encrypted-tbn0.gstatic.com/images?q=tbn:ANd9GcT6UfZOznNwjkdM2Ze7glw6zSYKXcGC9_JctX9rxTAZ6RjFJMGkkz6cHp-tNQM&amp;s","Se consultó la Nota a la IA","Se consultó la Nota a la IA","Se consultó el Datos a la IA"
"08/08/2025 17:50:30","https://infobae.com/sociedad/2025/08/05/el-dramatico-testimonio-del-hermano-de-una-victima-del-fentanilo-contaminado-de-hlb-pharma-se-descompuso-de-un-dia-para-el-otro/","El testimonio del hermano de una víctima del fentanilo contaminado de HLB Pharma: &quot;Se descompuso de un día para el otro&quot;","Se consultó el Titulo a la IA","https://encrypted-tbn0.gstatic.com/images?q=tbn:ANd9GcScGCLogpBunD7HqcFjYufHyEuOkgBdCzjrIok-Ei8cqEqDhQSjAfkFyukyKzY&amp;s","Se consultó la Nota a la IA","Se consultó la Nota a la IA","Se consultó el Datos a la IA"
"08/08/2025 17:50:30","https://infobae.com/politica/2025/08/05/designaron-al-jefe-del-departamento-de-investigaciones-de-la-policia-federal/","Designaron al jefe del Departamento de Investigaciones de la Policía Federal","Se consultó el Titulo a la IA","https://encrypted-tbn0.gstatic.com/images?q=tbn:ANd9GcR0Dd-fjiXz2Zjy-00GqkqgyTED0tadKmNvIC7v6sTBo5jFbh4zWGjjYPoHxoY&amp;s","Se consultó la Nota a la IA","Se consultó la Nota a la IA","Se consultó el Datos a la IA"
"08/08/2025 17:50:30","https://infobae.com/sociedad/2025/08/05/el-gobierno-porteno-explico-como-seran-los-nuevos-controles-de-la-policia-en-los-contenedores-de-basura/","El gobierno porteño explicó cómo serán los nuevos controles de la Policía en los contenedores de basura","Se consultó el Titulo a la IA","https://encrypted-tbn0.gstatic.com/images?q=tbn:ANd9GcS9PMU1-hVKwrWvkbYg0OhgAbGemIDpI5zfCq1qIj2UK2ZomcwSEsRPWwEgEg&amp;s","Se consultó la Nota a la IA","Se consultó la Nota a la IA","Se consultó el Datos a la IA"
"08/08/2025 17:50:30","https://infobae.com/politica/2025/08/05/insolito-un-intendente-en-neuquen-inauguro-un-cartel-para-cambiar-de-sentido-una-calle-y-el-video-se-hizo-viral/","Insólito: un intendente en Neuquén inauguró un cartel para cambiar de sentido una calle y el video se hizo viral","Se consultó el Titulo a la IA","https://encrypted-tbn0.gstatic.com/images?q=tbn:ANd9GcQvPbe9x4KcbM3CqSoIgQki2eY4o8srOewl4yJ8oLH2GMbDozcpRDhSoFYBEQ&amp;s","Se consultó la Nota a la IA","Se consultó la Nota a la IA","Se consultó el Datos a la IA"
"08/08/2025 17:50:30","https://infobae.com/sociedad/2025/08/04/empresas-de-juego-de-azar-se-reuniran-para-combatir-las-apuestas-ilegales-bajo-el-lema-gobernanza-y-responsabilidad/","Empresas de juego de azar se reunirán para combatir las apuestas ilegales bajo el lema &quot;gobernanza y responsabilidad&quot;","Se consultó el Titulo a la IA","https://encrypted-tbn0.gstatic.com/images?q=tbn:ANd9GcRL_Awn3_mAW8wzZ3YgVV6f_nLXCVRGjGEIotAp-dEPOimw15_t9o5mWUTQXQ&amp;s","Se consultó la Nota a la IA","Se consultó la Nota a la IA","Se consultó el Datos a la IA"
"08/08/2025 17:50:30","https://infobae.com/sociedad/policiales/2025/08/05/persecucion-y-tiroteo-en-virrey-del-pino-atraparon-a-un-joven-por-robar-un-auto-y-buscan-a-otros-dos-delincuentes/","Persecución y tiroteo en Virrey del Pino: atraparon a un joven por robar un auto y buscan a otros dos delincuentes","Se consultó el Titulo a la IA","https://encrypted-tbn0.gstatic.com/images?q=tbn:ANd9GcSnDPNaeyJfeO94OnxLnExBsLp44DKUMQPACSHyC66mJfy9C4At4_LG128Yofs&amp;s","Se consultó la Nota a la IA","Se consultó la Nota a la IA","Se consultó el Datos a la IA"
"08/08/2025 17:50:30","https://infobae.com/revista-chacra/2025/08/04/china-empieza-a-cultivar-soja-en-africa/","China empieza a cultivar soja en África","Se consultó el Titulo a la IA","https://encrypted-tbn0.gstatic.com/images?q=tbn:ANd9GcTA9BaObZwbdw9biV8Ad8uKfHKmB0V956vdRikcOun4l23bc0b-oUXr9AhbSQ&amp;s","Se consultó la Nota a la IA","Se consultó la Nota a la IA","Se consultó el Datos a la IA"
"08/08/2025 17:50:30","https://infobae.com/deportes/2025/08/05/mato-una-paloma-la-cocino-y-se-la-comio-la-anecdota-mas-surrealista-de-icardi-en-el-barcelona/","&quot;Mató una paloma, la cocinó y se la comió&quot;: la anécdota más surrealista de Icardi en el Barcelona","Se consultó el Titulo a la IA","","Se consultó la Nota a la IA","Se consultó la Nota a la IA","Se consultó el Datos a la IA"
"08/08/2025 17:50:30","https://infobae.com/sociedad/policiales/2025/08/05/video-robo-un-celular-y-escapo-corriendo-por-la-avenida-general-paz/","Video: robó un celular y escapó corriendo por la avenida General Paz","Se consultó el Titulo a la IA","https://encrypted-tbn0.gstatic.com/images?q=tbn:ANd9GcQVYuvpmtAtkDmbEiVrozkA0ibkh6F-MKqzHU7vKN-W9BZANFqyigsLFEpb-Ls&amp;s","Se consultó la Nota a la IA","Se consultó la Nota a la IA","Se consultó el Datos a la IA"
"08/08/2025 17:50:30","https://infobae.com/revista-chacra/2025/08/05/el-aceite-de-oliva-cuyano-ya-tiene-sello-de-calidad-y-origen-certificado/","El aceite de oliva cuyano ya tiene sello de calidad y origen certificado","Se consultó el Titulo a la IA","https://encrypted-tbn0.gstatic.com/images?q=tbn:ANd9GcSEzKKDmCpwPmmg4NsX-xmY0j8rsBVkJaJi8AMD1hQqMwXymP1gJZLlykhu0LQ&amp;s","Se consultó la Nota a la IA","Se consultó la Nota a la IA","Se consultó el Datos a la IA"
"08/08/2025 17:50:30","https://infobae.com/sociedad/policiales/2025/08/07/cayo-un-policia-de-misiones-que-se-hacia-pasar-por-oficial-de-la-pfa-para-extorsionar-a-un-hombre-tenia-dos-complices/","Cayó un policía de Misiones que se hacía pasar por oficial de la PFA para extorsionar a un hombre: tenía dos cómplices","Se consultó el Titulo a la IA","https://encrypted-tbn0.gstatic.com/images?q=tbn:ANd9GcTwTVzwBXuQQSWaaLHn90weO7k911ELa1GosHTH8wtJK8KQaVAD_Khs3S7t9Q&amp;s","Se consultó la Nota a la IA","Se consultó la Nota a la IA","Se consultó el Datos a la IA"
"08/08/2025 17:50:30","https://infobae.com/inhouse/2025/08/07/una-propuesta-innovadora-para-los-domingos-al-mediodia-llega-a-la-costanera-norte-portena/","Una propuesta innovadora para los domingos al mediodía llega a la Costanera Norte porteña","Se consultó el Titulo a la IA","https://encrypted-tbn0.gstatic.com/images?q=tbn:ANd9GcTwdQtNoKU45XuVoOmcamTcY_9pLiicuqx-dq4He-tnFS7fU8Rkignv6LkfwA&amp;s","Se consultó la Nota a la IA","Se consultó la Nota a la IA","Se consultó el Datos a la IA"
"08/08/2025 17:50:30","https://infobae.com/cultura/2025/08/08/los-premios-fed25-reconocieron-a-librerias-editoriales-ilustradores-y-autores-independientes/","Los Premios FED25 reconocieron a librerías, editoriales, ilustradores y autores independientes","Se consultó el Titulo a la IA","https://encrypted-tbn0.gstatic.com/images?q=tbn:ANd9GcR78h101pPUSnHy8H0wOLWB0gXGLpRoneW-yuUSpSD8r_XgeG4yHluj8xQ4JKU&amp;s","Se consultó la Nota a la IA","Se consultó la Nota a la IA","Se consultó el Datos a la IA"
"08/08/2025 17:50:30","https://infobae.com/sociedad/policiales/2025/08/07/su-hija-escribio-un-relato-ficticio-de-un-abuso-la-escuela-lo-denuncio-y-el-hombre-quedo-detenido/","Su hija escribió un relato ficticio de un abuso, la escuela lo denunció y el hombre quedó detenido","Se consultó el Titulo a la IA","https://encrypted-tbn0.gstatic.com/images?q=tbn:ANd9GcRku1sHGGKkDijfMPlObMJTvRgOtgnY1GgvovIHRcM_JlmBi99hM_as79TE9j4&amp;s","Se consultó la Nota a la IA","Se consultó la Nota a la IA","Se consultó el Datos a la IA"
"08/08/2025 17:50:30","https://infobae.com/sociedad/policiales/2025/08/04/dos-muertos-al-intentar-escapar-de-la-policia-en-la-plata-uno-tenia-antecedentes-penales/","Dos muertos al intentar escapar de la Policía en La Plata: uno tenía antecedentes penales","Se consultó el Titulo a la IA","https://encrypted-tbn0.gstatic.com/images?q=tbn:ANd9GcR3S6aD9ezgBnzwIwYvw83_OS-ss0eVr-xmm3RsN2jj6vjHvM5UDLGthmAcgA&amp;s","Se consultó la Nota a la IA","Se consultó la Nota a la IA","Se consultó el Datos a la IA"
"08/08/2025 17:50:30","https://infobae.com/cultura/2025/08/08/el-ballet-estable-del-teatro-colon-celebro-cien-anos-con-una-gala-inolvidable-plena-de-emocion-y-ovaciones/","El Ballet Estable del Teatro Colón celebró cien años con una gala inolvidable","Se consultó el Titulo a la IA","https://encrypted-tbn0.gstatic.com/images?q=tbn:ANd9GcQoLCnDkmhF6R1QnCYJiAwlEMWfApTE4FPXs8sH5AIhBmnEwQuiPWJ8ojGlkMY&amp;s","Se consultó la Nota a la IA","Se consultó la Nota a la IA","Se consultó el Datos a la IA"
"08/08/2025 17:50:30","https://infobae.com/economia/2025/08/08/el-precio-del-oro-alcanzo-un-record-tres-alternativas-para-invertir-en-el-metal-precioso-desde-la-argentina/","El precio del oro alcanzó un récord: tres alternativas para invertir en el metal precioso desde Argentina","Se consultó el Titulo a la IA","https://encrypted-tbn0.gstatic.com/images?q=tbn:ANd9GcQdj89m_B1k7w-OQkE69pP1bY2N0H7AwU6lIoihTdto1dt-0P1bpNP8HZtKSRg&amp;s","Se consultó la Nota a la IA","Se consultó la Nota a la IA","Se consultó el Datos a la IA"
"08/08/2025 17:50:30","https://infobae.com/deportes/2025/08/08/quienes-son-los-criptobros-el-grupo-detras-de-la-accion-coordinada-para-lanzar-juguetes-sexuales-en-partidos-de-la-wnba/","Quiénes son los “criptobros” que están apuntados por el lanzamiento de juguetes sexuales en la WNBA","Se consultó el Titulo a la IA","https://encrypted-tbn0.gstatic.com/images?q=tbn:ANd9GcRxoFAl1FRO98267uQjgv_Q3w1qmWI0SQ7ELPmjDNvqmhr9zDfIGM-WAAc-Dh8&amp;s","Se consultó la Nota a la IA","Se consultó la Nota a la IA","Se consultó el Datos a la IA"
"08/08/2025 17:50:30","https://infobae.com/sociedad/policiales/2025/08/08/megaoperativo-policial-en-cuatro-barrios-de-caba-contra-los-herederos-de-dumbo-hallaron-drogas-y-dos-granadas/","Megaoperativo en CABA contra “los herederos de Dumbo”: hallaron drogas y granadas y hay 20 detenidos","Se consultó el Titulo a la IA","https://encrypted-tbn0.gstatic.com/images?q=tbn:ANd9GcQs3mVH4Ag8YsDiGdRgTM8ojqzd8UEyb91eFobhgEPkSLHsB-S1CucNv2g7GjE&amp;s","Se consultó la Nota a la IA","Se consultó la Nota a la IA","Se consultó el Datos a la IA"
"08/08/2025 17:50:30","https://infobae.com/economia/2025/08/08/caputo-descarto-cambios-en-el-esquema-de-flotacion-entre-bandas-para-el-dolar-despues-de-las-elecciones/","Caputo descartó cambios en el esquema de flotación entre bandas para el dólar después de las elecciones","Se consultó el Titulo a la IA","https://encrypted-tbn0.gstatic.com/images?q=tbn:ANd9GcTIvQz9tup9WtC2jzjc5Km6kpmf1ThJoPL1EBpwpsrUgtVQ3WIpzM1WTu3uAPk&amp;s","Se consultó la Nota a la IA","Se consultó la Nota a la IA","Se consultó el Datos a la IA"
"08/08/2025 17:50:30","https://infobae.com/sociedad/2025/08/08/los-papas-que-no-vacunen-a-sus-hijos-en-mendoza-podran-ser-multados-y-hasta-detenidos/","Los papás que no vacunen a sus hijos en Mendoza podrán ser multados y hasta detenidos","Se consultó el Titulo a la IA","https://encrypted-tbn0.gstatic.com/images?q=tbn:ANd9GcRrM9B4mPYTjAAhKiTwjOhE-o7AT8nF2tdOK_MwI5_2UHtv7zVRbUSpWNvpIg&amp;s","Se consultó la Nota a la IA","Se consultó la Nota a la IA","Se consultó el Datos a la IA"
"08/08/2025 17:50:30","https://infobae.com/cultura/2025/08/08/emma-thompson-al-limite-fisico-y-emocional-me-arrastre-12-horas-por-el-barro/","Emma Thompson, al límite físico y emocional: “Me arrastré 12 horas por el barro”","Se consultó el Titulo a la IA","https://encrypted-tbn0.gstatic.com/images?q=tbn:ANd9GcT0660iuibFbG5137S-04o-U3oktD9RL-oaVMOV2oWsviU9ZJ6J2XRXuTVWDRQ&amp;s","Se consultó la Nota a la IA","Se consultó la Nota a la IA","Se consultó el Datos a la IA"
"08/08/2025 17:50:30","https://infobae.com/cultura/2025/08/08/montecristo-para-todos-una-version-breve-para-leer-y-otra-para-escuchar-gratis/","Montecristo para todos: una versión breve para leer y otra para escuchar, gratis","Se consultó el Titulo a la IA","https://encrypted-tbn0.gstatic.com/images?q=tbn:ANd9GcTwmQuQ-OEazVEgVGvIebyXt3UYHmOEBPJx1bL76kT98wZq0Ch6YMrCxMQZig&amp;s","Se consultó la Nota a la IA","Se consultó la Nota a la IA","Se consultó el Datos a la IA"
"08/08/2025 17:50:30","https://infobae.com/deportes/2025/08/08/la-agenda-de-los-cinco-argentinos-que-salen-a-escena-en-el-masters-1000-de-cincinnati/","La agenda de los cinco argentinos que salen a escena en el Masters 1000 de Cincinnati","Se consultó el Titulo a la IA","https://encrypted-tbn0.gstatic.com/images?q=tbn:ANd9GcSeR51V2VOuJbVQ_Zbib9cpVpeYeW_Ky_jJUxN1hSMx7Y14TLxTac8pQ01Q87o&amp;s","Se consultó la Nota a la IA","Se consultó la Nota a la IA","Se consultó el Datos a la IA"
"08/08/2025 17:50:30","https://infobae.com/inhouse/2025/08/08/fin-de-semana-largo-una-ciudad-del-litoral-ofrece-experiencias-deportivas-culturales-y-termales/","Fin de semana largo: una ciudad del Litoral ofrece experiencias deportivas, culturales y termales","Se consultó el Titulo a la IA","https://encrypted-tbn0.gstatic.com/images?q=tbn:ANd9GcRp6Uj9RI1Y-U7XDSUWW7Kn2yCstIeUDzUm2g0F9KrHaPuXSjwvCr6yR7MrBg&amp;s","Se consultó la Nota a la IA","Se consultó la Nota a la IA","Se consultó el Datos a la IA"
"08/08/2025 17:50:30","https://infobae.com/deportes/2025/08/07/trampa-o-picardia-gano-una-carrera-en-simulador-pasando-por-la-calle-de-boxes-el-antecedente-de-michael-schumacher/","¿Trampa o picardía? Ganó una carrera en simulador pasando por la calle de boxes: el antecedente de Michael Schumacher","Se consultó el Titulo a la IA","https://encrypted-tbn0.gstatic.com/images?q=tbn:ANd9GcSJ1D3yuv3XbgRsF9kocrHYkJho3BZ4S5fnDsFL_MaG_-WEiXiVmWb86nIG-w&amp;s","Se consultó la Nota a la IA","Se consultó la Nota a la IA","Se consultó el Datos a la IA"
"08/08/2025 17:50:30","https://infobae.com/movant/2025/08/07/preocupacion-en-el-transporte-de-cargas-las-rutas-que-sostienen-la-economia-al-borde-del-colapso/","Preocupación en el transporte de cargas: las rutas que sostienen la economía al borde del colapso","Se consultó el Titulo a la IA","https://encrypted-tbn0.gstatic.com/images?q=tbn:ANd9GcT5H3VCaqUB08Ln4NuPnK4GJLEkb0kMliwquY736BrcROZ0MW9QUJ3tZ_B44Yk&amp;s","Se consultó la Nota a la IA","Se consultó la Nota a la IA","Se consultó el Datos a la IA"
"08/08/2025 17:50:30","https://infobae.com/movant/2025/08/07/cepal-advierte-sobre-la-fragilidad-logistica-de-america-latina-ante-un-escenario-global-incierto/","CEPAL advierte sobre la fragilidad logística de América Latina ante un escenario global incierto","Se consultó el Titulo a la IA","https://encrypted-tbn0.gstatic.com/images?q=tbn:ANd9GcTHvRzLpvQUoeRnjzS4F6sMdd8LyWfGME-c84ZxRdKrjF3TWZkt-JKpMJv6PA&amp;s","Se consultó la Nota a la IA","Se consultó la Nota a la IA","Se consultó el Datos a la IA"
"08/08/2025 17:50:30","https://infobae.com/revista-chacra/2025/08/06/cuidar-cada-gota-se-impulsa-un-riego-mas-eficiente-en-zonas-aridas/","Cuidar cada gota: se impulsa un riego más eficiente en zonas áridas","Se consultó el Titulo a la IA","https://encrypted-tbn0.gstatic.com/images?q=tbn:ANd9GcTDo2AH2Te3DOCO7d4FWgYOXbLLmT_vjrkelijHNTqnclGc7xBPaaEdxSZrGw&amp;s","Se consultó la Nota a la IA","Se consultó la Nota a la IA","Se consultó el Datos a la IA"
"08/08/2025 17:50:30","https://infobae.com/revista-chacra/2025/08/08/los-cereales-de-invierno-muestran-un-buen-arranque-en-la-pampa-pese-al-frio-y-la-falta-de-lluvias/","Los cereales de invierno muestran un buen arranque en La Pampa pese al frío y la falta de lluvias","Se consultó el Titulo a la IA","https://encrypted-tbn0.gstatic.com/images?q=tbn:ANd9GcT1VQNRf2iRcPWI5LC_x0yILqo4bkJ635q6KGsgEk3X7Ouu7ogkrYt6QDWmTA&amp;s","Se consultó la Nota a la IA","Se consultó la Nota a la IA","Se consultó el Datos a la IA"
"08/08/2025 17:50:30","https://infobae.com/cultura/2025/08/08/un-libro-en-dos-mil-palabras-el-conde-de-montecristo-historia-de-una-venganza/","Un libro en dos mil palabras: &quot;El Conde de Montecristo&quot;, historia de una venganza","Se consultó el Titulo a la IA","https://encrypted-tbn0.gstatic.com/images?q=tbn:ANd9GcQR-crt07nq3yycN4GbkeALkrp6US0p3ZaQcm42hVM5xmTqZIYnnmqKzQqKrwU&amp;s","Se consultó la Nota a la IA","Se consultó la Nota a la IA","Se consultó el Datos a la IA"
"08/08/2025 17:50:30","https://infobae.com/cultura/2025/08/08/george-ward-price-el-periodista-que-cedio-su-pluma-a-hitler-diarios-secretos-entrevistas-manipuladas-y-la-sombra-de-goebbels/","George Ward Price, el periodista que cedió su pluma a Hitler: diarios secretos, entrevistas manipuladas y la sombra de Goebbels","Se consultó el Titulo a la IA","https://encrypted-tbn0.gstatic.com/images?q=tbn:ANd9GcRjFXAegxB3Hl4mk5wJJBzCKDANKPrfzbmEAbsQF8wEfPQoaL0vrIBFvGV56Q&amp;s","Se consultó la Nota a la IA","Se consultó la Nota a la IA","Se consultó el Datos a la IA"
"08/08/2025 17:50:30","https://infobae.com/cultura/agenda-cultura/2025/08/08/guia-de-arte-y-cultura-semana-del-8-al-15-de-agosto/","Guía de Arte y Cultura: semana del 8 al 15 de agosto","Se consultó el Titulo a la IA","https://encrypted-tbn0.gstatic.com/images?q=tbn:ANd9GcTUzrffqXcLt8J2jqkAjQ9ZbzPmuv_NSb-T1qunS0Y-M-WhhJBZUlkVOGjOZQ&amp;s","Se consultó la Nota a la IA","Se consultó la Nota a la IA","Se consultó el Datos a la IA"
"08/08/2025 17:50:30","https://infobae.com/deportes/2025/08/08/la-dura-advertencia-del-ceo-de-mclaren-por-la-ferrea-lucha-del-titulo-entre-norris-y-piastri-en-la-formula-1/","La dura advertencia del CEO de McLaren por la férrea lucha del título entre Norris y Piastri en la Fórmula 1","Se consultó el Titulo a la IA","https://encrypted-tbn0.gstatic.com/images?q=tbn:ANd9GcTTfBjQD3fPe-YrndIf9kq-eGq0LQCo2vaYdLWvxO6tnilAzGj4BycnZcu9eQ&amp;s","Se consultó la Nota a la IA","Se consultó la Nota a la IA","Se consultó el Datos a la IA"
"08/08/2025 17:50:30","https://infobae.com/deportes/2025/08/08/un-choque-lo-dejo-al-borde-de-la-muerte-volvio-al-futbol-tras-ocho-meses-pero-su-club-de-la-premier-league-lo-dejo-libre-me-fracture-el-femur-en-cuatro-partes/","Un choque lo dejó al borde de la muerte, volvió a jugar tras 8 meses, pero su club de la Premier lo dejó libre","Se consultó el Titulo a la IA","https://encrypted-tbn0.gstatic.com/images?q=tbn:ANd9GcT1DqA23igqrUK3Vld9UDmbKUuc26yZJyKFFTDuNqS8_J8P00WvINTqDxesyQ&amp;s","Se consultó la Nota a la IA","Se consultó la Nota a la IA","Se consultó el Datos a la IA"
"08/08/2025 17:50:30","https://infobae.com/politica/2025/08/08/estela-de-carlotto-repudio-la-foto-de-milei-con-la-consigna-nunca-mas-ya-no-saben-que-hacer-para-humillarnos/","Estela de Carlotto repudió la foto de Milei con la consigna del Nunca Más","Se consultó el Titulo a la IA","https://encrypted-tbn0.gstatic.com/images?q=tbn:ANd9GcT3Ic7DGD98USyKrhLfZANNc_DfBEnwbxeR_quWe8S-2m0VhQBFhNM2EwYFEw&amp;s","Se consultó la Nota a la IA","Se consultó la Nota a la IA","Se consultó el Datos a la IA"
"08/08/2025 17:50:30","https://infobae.com/deportes/2025/08/08/la-fulminante-respuesta-de-cristiano-ronaldo-ante-una-pregunta-sobre-el-balon-de-oro/","La fulminante respuesta de Ronaldo ante una pregunta sobre el Balón de Oro","Se consultó el Titulo a la IA","https://encrypted-tbn0.gstatic.com/images?q=tbn:ANd9GcSVgRCkmVQ1xRHqNKMpZzwc4rJuZRpxLUfczZKRHQXoD_Y-f00iaXSJX9bd7uw&amp;s","Se consultó la Nota a la IA","Se consultó la Nota a la IA","Se consultó el Datos a la IA"
"08/08/2025 17:50:30","https://infobae.com/economia/2025/08/08/lanzaron-un-concurso-para-erigir-un-monumento-al-creador-de-bitcoin-en-buenos-aires-de-cuanto-es-el-premio/","Lanzaron un concurso para erigir un monumento al creador de Bitcoin: de cuánto es el premio","Se consultó el Titulo a la IA","https://encrypted-tbn0.gstatic.com/images?q=tbn:ANd9GcS58fEZXyl3RCMojU0nujEfs-UjwudG0c30E-123b_5mow3nMao1mDQdJbyBw&amp;s","Se consultó la Nota a la IA","Se consultó la Nota a la IA","Se consultó el Datos a la IA"
"08/08/2025 17:50:30","https://infobae.com/estados-unidos/2025/08/08/con-usd-50-millones-por-su-captura-maduro-desplazo-a-jefes-terroristas-y-del-narcotrafico-en-la-lista-de-los-mas-buscados-por-eeuu/","El dictador venezolano desplazó a jefes terroristas y del narcotráfico en la lista de los más buscados por EEUU","Se consultó el Titulo a la IA","https://encrypted-tbn0.gstatic.com/images?q=tbn:ANd9GcSllvs-QK0BOQdRS9bCHAQ-fRPu-IYFG1AuU0K9vaCzjuaZ8K5RziHkPXWjRsc&amp;s","Se consultó la Nota a la IA","Se consultó la Nota a la IA","Se consultó el Datos a la IA"
"08/08/2025 17:50:30","https://infobae.com/politica/2025/08/08/maximo-kirchner-lamento-la-interna-en-fuerza-patria-he-visto-gente-desesperada-en-candidaturas-o-poroteando/","Máximo Kirchner lamentó la interna en Fuerza Patria: “Vi gente desesperada en candidaturas o poroteando”","Se consultó el Titulo a la IA","https://encrypted-tbn0.gstatic.com/images?q=tbn:ANd9GcT8CddSCTSAS0gZwHa6Zpui_jAsF3aRo4slirCK8dKCgJ9olF7RU0_gvYvkjJ4&amp;s","Se consultó la Nota a la IA","Se consultó la Nota a la IA","Se consultó el Datos a la IA"
"08/08/2025 17:50:30","https://infobae.com/sociedad/2025/08/08/accidente-fatal-en-once-un-colectivo-atropello-y-mato-a-un-ciclista-de-28-anos/","Trágico accidente en Once: un colectivo atropelló y mató a un ciclista de 28 años","Se consultó el Titulo a la IA","https://encrypted-tbn0.gstatic.com/images?q=tbn:ANd9GcTbh-oUjfhihe_TvyhEjlx4rxc2-BaMKc5Q_1FYRZoW09pCZqB5HOvo7He9OA&amp;s","Se consultó la Nota a la IA","Se consultó la Nota a la IA","Se consultó el Datos a la IA"
"08/08/2025 17:50:30","https://infobae.com/salud/2025/08/08/examen-de-residencias-ninguno-de-los-117-medicos-que-se-presentaron-pudo-revalidar-su-nota-en-la-segunda-evaluacion/","Examen de residencias: no revalidó su nota ninguno de los 117 médicos que debieron realizarlo de nuevo","Se consultó el Titulo a la IA","https://encrypted-tbn0.gstatic.com/images?q=tbn:ANd9GcTYv58MLtF2tHoseqYX1SQNfUduOe9jtUGdtEOZaGwBTsCZ9-WcWQWZ74z-dQ&amp;s","Se consultó la Nota a la IA","Se consultó la Nota a la IA","Se consultó el Datos a la IA"
"08/08/2025 17:50:30","https://infobae.com/deportes/2025/08/08/hermosura-el-divertido-dialogo-entre-franco-colapinto-y-pierre-gasly-en-alpine/","&quot;Hermosura&quot;: el divertido diálogo entre Franco Colapinto y Pierre Gasly en Alpine","Se consultó el Titulo a la IA","","Se consultó la Nota a la IA","Se consultó la Nota a la IA","Se consultó el Datos a la IA"
"08/08/2025 17:50:30","https://infobae.com/sociedad/policiales/2025/08/08/le-prohibieron-salir-del-pais-al-ex-de-julieta-prandi-el-miercoles-daran-el-veredicto/","Le prohibieron salir del país al ex de Julieta Prandi: el miércoles darán el veredicto","Se consultó el Titulo a la IA","https://encrypted-tbn0.gstatic.com/images?q=tbn:ANd9GcQd1vqqCrOHH_f5E1AJiCPssS2uZJhDh4ml8uVrrLlLWuBrmnJFVGCRiJuiyA&amp;s","Se consultó la Nota a la IA","Se consultó la Nota a la IA","Se consultó el Datos a la IA"
"08/08/2025 17:50:30","https://infobae.com/deportes/2025/08/08/las-resonantes-frases-que-dejo-marcos-rojo-tras-firmar-su-salida-de-boca-la-carta-de-despedida-y-los-mensajes-de-sus-companeros/","Las resonantes frases que dejó Marcos Rojo tras firmar su salida de Boca y la carta de despedida","Se consultó el Titulo a la IA","https://encrypted-tbn0.gstatic.com/images?q=tbn:ANd9GcQdb8b2sw7mvAIsW5PwkC4ytXoxs1WiA5E71LpoWTfl7NgQ4WnecqGaON8MOuQ&amp;s","Se consultó la Nota a la IA","Se consultó la Nota a la IA","Se consultó el Datos a la IA"
"08/08/2025 17:50:30","https://infobae.com/economia/2025/08/08/como-funciona-la-nueva-estafa-virtual-por-mail-que-vacia-cuentas-bancarias-en-segundos/","Cómo funciona la nueva estafa virtual por mail que vacía cuentas bancarias en segundos","Se consultó el Titulo a la IA","https://encrypted-tbn0.gstatic.com/images?q=tbn:ANd9GcRwJ-7LLMYc2GZWhNdHkRDNcCT1OXV1edl8bWJvSG85jjtxuIOup-6R4nV-_g&amp;s","Se consultó la Nota a la IA","Se consultó la Nota a la IA","Se consultó el Datos a la IA"
"08/08/2025 17:50:30","https://infobae.com/economia/2025/08/08/dia-del-nino-bancos-ofrecen-descuentos-de-hasta-50-y-cuotas-sin-interes-en-juguetes-ropa-y-otros-rubros/","Día del Niño: qué bancos ofrecen descuentos de hasta 50% y cuotas sin interés en ropa, juguetes y otros rubros","Se consultó el Titulo a la IA","https://encrypted-tbn0.gstatic.com/images?q=tbn:ANd9GcTyFUxdWpEWdpqdKeI9nfN9zMTsvlO-ByPJAmmHe_E5ZVODmpvKFETiRCgDEA&amp;s","Se consultó la Nota a la IA","Se consultó la Nota a la IA","Se consultó el Datos a la IA"
"08/08/2025 17:50:30","https://infobae.com/politica/2025/08/08/fuerte-cruce-entre-agustin-etchebarne-y-ricardo-lopez-murphy-trabaje-20-anos-gratis-para-vos/","&quot;Trabajé 20 años gratis para vos&quot;: durísimo cruce entre Agustín Etchebarne y Ricardo López Murphy","Se consultó el Titulo a la IA","","Se consultó la Nota a la IA","Se consultó la Nota a la IA","Se consultó el Datos a la IA"
"08/08/2025 17:50:30","https://infobae.com/economia/2025/08/08/boom-de-marcas-internacionales-que-llegan-a-la-argentina-una-por-una-cuales-son-y-donde-estaran-sus-locales/","Boom de marcas que llegan a la Argentina: una por una, cuáles son y dónde estarán sus locales","Se consultó el Titulo a la IA","https://encrypted-tbn0.gstatic.com/images?q=tbn:ANd9GcTGrjqtjbaRWy6gxHUa1JuiCjgbXQ0zzVrujn-6gMiStxKym8gJJ3oYS1UELg&amp;s","Se consultó la Nota a la IA","Se consultó la Nota a la IA","Se consultó el Datos a la IA"
"08/08/2025 17:50:30","https://infobae.com/politica/2025/08/08/el-gobierno-anticipo-que-sostendra-las-reformas-realizadas-con-los-decretos-que-fueron-rechazados-por-el-congreso/","El Gobierno anticipó que sostendrá las reformas realizadas con los decretos que rechazó el Congreso","Se consultó el Titulo a la IA","https://encrypted-tbn0.gstatic.com/images?q=tbn:ANd9GcSbQxO7hqaFztxye9pqd2wx8_CvY8IdvJqF4wi7Dxu53JASbSKv1z91sMXyTQ&amp;s","Se consultó la Nota a la IA","Se consultó la Nota a la IA","Se consultó el Datos a la IA"
"08/08/2025 17:50:30","https://infobae.com/sociedad/2025/08/08/el-embajador-de-japon-recordo-la-tragedia-en-hiroshima-y-nagasaki-hay-que-tomar-conciencia-del-dano-catastrofico-de-las-armas-nucleares/","El embajador de Japón recordó la tragedia en Hiroshima y Nagasaki: “Hay que tomar conciencia del daño catastrófico de las armas nucleares”","Se consultó el Titulo a la IA","https://encrypted-tbn0.gstatic.com/images?q=tbn:ANd9GcSr_X8qIx2H0V_ersNEW4RmBHPi-wiFo9uXlA7lkm2ep9ghnweqFqHArcpCaA&amp;s","Se consultó la Nota a la IA","Se consultó la Nota a la IA","Se consultó el Datos a la IA"
"08/08/2025 17:50:30","https://infobae.com/economia/2025/08/08/los-productores-de-tomates-en-corrientes-planean-tirar-su-cosecha-o-regalarla-en-las-rutas-por-la-caida-de-los-precios/","Los productores de tomates en Corrientes planean tirar su cosecha o regalarla por la caída de los precios","Se consultó el Titulo a la IA","https://encrypted-tbn0.gstatic.com/images?q=tbn:ANd9GcS_1aqdaefEPluDDMkf_FG0LexL7xdVsb-mkLwI_AQ6qOYxFa0mpM5sDFlmTw&amp;s","Se consultó la Nota a la IA","Se consultó la Nota a la IA","Se consultó el Datos a la IA"
"08/08/2025 17:50:30","https://infobae.com/deportes/2025/08/08/escandalo-en-bolivia-le-tiraron-con-pirotecnia-a-los-jugadores-desde-la-tribuna-lesionaron-a-un-futbolista-y-detuvieron-a-3-personas/","Escándalo en Bolivia: les tiraron pirotecnia a los jugadores, lesionaron a un futbolista y hay 3 detenidos","Se consultó el Titulo a la IA","https://encrypted-tbn0.gstatic.com/images?q=tbn:ANd9GcTOp5oANAMKq1pnwBP2hArJ_DnTsGRFtGcmDt6Y2ULhGp0pWKz44vH62qiz4Tk&amp;s","Se consultó la Nota a la IA","Se consultó la Nota a la IA","Se consultó el Datos a la IA"
"08/08/2025 17:50:30","https://infobae.com/politica/2025/08/08/el-gobierno-desregulo-el-uso-de-drones-y-elimino-restricciones-para-operar-equipos-inferiores-a-250-gramos/","El Gobierno desreguló el uso de drones y eliminó restricciones para manejar equipos livianos","Se consultó el Titulo a la IA","https://encrypted-tbn0.gstatic.com/images?q=tbn:ANd9GcTKV2YzRSa6X9BAmLP7FPd7NJ4XoDE7rbF9JckgLUkYCDF7bXF2F4M4-hHv_A&amp;s","Se consultó la Nota a la IA","Se consultó la Nota a la IA","Se consultó el Datos a la IA"
"08/08/2025 17:50:30","https://infobae.com/deportes/2025/08/08/insolito-borussia-dortmund-tendra-11-millones-menos-para-gastar-en-fichajes-por-una-refaccion-en-la-cocina-de-su-estadio/","Insólito: el Dortmund tendrá 11 millones menos para gastar en fichajes por una refacción en la cocina de su estadio","Se consultó el Titulo a la IA","https://encrypted-tbn0.gstatic.com/images?q=tbn:ANd9GcTsECHOlxBUWFJwLAQ38UWM6DvImhFp3Wl8mJkQLbYTTvUFJiNeUrF78TOT5BQ&amp;s","Se consultó la Nota a la IA","Se consultó la Nota a la IA","Se consultó el Datos a la IA"
"08/08/2025 17:50:30","https://infobae.com/salud/ciencia/2025/08/08/un-sifonoforo-luminoso-aranas-marinas-y-langostinos-patagonicos-los-ultimos-hallazgos-de-los-cientificos-del-conicet-en-la-expedicion-de-mar-del-plata/","Un sifonóforo luminoso y arañas marinas: los últimos hallazgos de los científicos del Conicet en Mar del Plata","Se consultó el Titulo a la IA","https://encrypted-tbn0.gstatic.com/images?q=tbn:ANd9GcTOT6f8O2GU3E19OeMB9C2fLC7ZmX4z3kmko_gg0Kg3UtA6-VuJ8A-eUaA7XlI&amp;s","Se consultó la Nota a la IA","Se consultó la Nota a la IA","Se consultó el Datos a la IA"
"08/08/2025 17:50:30","https://infobae.com/economia/2025/08/08/sturzenegger-reacciono-al-rechazo-de-diputados-a-5-decretos-y-mostro-el-tamano-de-las-estructuras-de-vialidad-y-el-inta/","Metros y metros de papel: la foto de Sturzenegger para mostrar las estructuras de dos organismos estatales","Se consultó el Titulo a la IA","https://encrypted-tbn0.gstatic.com/images?q=tbn:ANd9GcTOYSCIedMEtDR2AbH0abYM_j3ybmz8WNDj6PEIXNOgHEgFs_vJOSmxX60Bfx0&amp;s","Se consultó la Nota a la IA","Se consultó la Nota a la IA","Se consultó el Datos a la IA"
"08/08/2025 17:50:30","https://infobae.com/deportes/2025/08/08/operacion-relampago-marcos-rojo-rescindio-su-contrato-con-boca-juniors-y-arreglo-con-otro-club-grande-de-argentina/","Marcos Rojo rescindió su contrato con Boca y arregló su llegada a otro club grande de Argentina","Se consultó el Titulo a la IA","https://encrypted-tbn0.gstatic.com/images?q=tbn:ANd9GcSEyB41w5hlwLAP2X5gnuo9pyGtlztNGtO3rsw-7c6HpYikr0muALAYFsEckA&amp;s","Se consultó la Nota a la IA","Se consultó la Nota a la IA","Se consultó el Datos a la IA"
"08/08/2025 17:50:30","https://infobae.com/politica/2025/08/08/gerardo-zamora-anuncio-su-candidato-a-gobernador-de-santiago-del-estero/","Gerardo Zamora anunció a su candidato para sucederlo en la gobernación de Santiago del Estero","Se consultó el Titulo a la IA","https://encrypted-tbn0.gstatic.com/images?q=tbn:ANd9GcTgsL1KdJn4bN48v-Wk5F74Ll3Kmg5LUAthFMVx6RopBJCFmKMT0ixkep1U7wg&amp;s","Se consultó la Nota a la IA","Se consultó la Nota a la IA","Se consultó el Datos a la IA"
