"FechayHora","LinkOrigen","TituloOrigen","Titulo","Imagen","Intro","Noticia","Datos"
"09/02/2025 08:00:04","https://infobae.com/america/ciencia-america/2025/09/02/el-misterio-de-la-libelula-que-volaba-entre-dinosaurios-y-reescribe-parte-de-la-historia-evolutiva/","El misterio de la libélula que volaba entre dinosaurios y reescribe parte de la historia evolutiva","El misterio de la libélula que volaba entre dinosaurios y reescribe parte de la historia evolutiva","https://encrypted-tbn0.gstatic.com/images?q=tbn:ANd9GcQUEvoIgB3aHM5-0YMQtINx0rs6CiyGf7mCxjAfE49WrbstDk2c03S-ruantoU&amp;s","Un nuevo descubrimiento paleontológico revela la existencia de una especie de libélula que volaba entre los dinosaurios, lo que cuestiona la antigüedad de estos insectos. El fósil de la libélula más antigua descubierto hasta ahora data de hace 75 millones de años, lo que sugiere que estos insectos coexistieron con los dinosaurios mucho antes de lo que se creía. Este hallazgo podría reescribir parte de la historia evolutiva de las libélulas.","Un nuevo descubrimiento paleontológico revela la existencia de una especie de libélula que volaba entre los dinosaurios, lo que cuestiona la antigüedad de estos insectos. El fósil de la libélula más antigua descubierto hasta ahora data de hace 75 millones de años, lo que sugiere que estos insectos coexistieron con los dinosaurios mucho antes de lo que se creía. Este hallazgo podría reescribir parte de la historia evolutiva de las libélulas.",""
"09/02/2025 08:00:04","https://infobae.com/america/mundo/2025/09/01/guyana-respaldo-el-despliegue-militar-de-estados-unidos-en-frente-a-venezuela-debemos-unirnos-para-combatir-el-narcotrafico/","Guyana respaldó el despliegue militar de EEUU en frente a Venezuela: “Debemos unirnos para combatir el narcotráfico”","Guyana respaldó el despliegue militar de Estados Unidos en frente a Venezuela: ""Debemos unirnos para combatir el narcotráfico""","https://encrypted-tbn0.gstatic.com/images?q=tbn:ANd9GcQvs397Y4OvouSV5jYwW35hbh_FIFgKr5iAjCBaEfY3c_LB-2M0CUymrFnadA&amp;s","Guyana respalda el despliegue militar de Estados Unidos en la frontera con Venezuela para combatir el narcotráfico. El ministro de Relaciones Exteriores de Guyana afirmó que es necesario unirse para enfrentar esta problemática y destacó la importancia de la colaboración internacional en la región.","Guyana respalda el despliegue militar de Estados Unidos en la frontera con Venezuela para combatir el narcotráfico. El ministro de Relaciones Exteriores de Guyana afirmó que es necesario unirse para enfrentar esta problemática y destacó la importancia de la colaboración internacional en la región.",""
"09/02/2025 08:00:04","https://infobae.com/america/mundo/2025/09/01/india-recortara-el-impuesto-al-consumo-en-175-productos-para-estimular-la-economia-interna/","India recortará el impuesto al consumo en 175 productos para estimular la economía interna","India recortará el impuesto al consumo en 175 productos para estimular la economía interna.","https://encrypted-tbn0.gstatic.com/images?q=tbn:ANd9GcQRwKWtbAI2ECbIRgwaAnOr8QGcGH7LUwWcgig7XiFY1lUUb4WgkxA9gtyq4A&amp;s","India planea recortar el impuesto al consumo en 175 productos para estimular su economía interna. Esta medida busca impulsar el consumo y reactivar la actividad económica en el país.","India planea recortar el impuesto al consumo en 175 productos para estimular su economía interna. Esta medida busca impulsar el consumo y reactivar la actividad económica en el país.",""
"09/02/2025 08:00:04","https://infobae.com/venezuela/2025/09/02/la-oposicion-venezolana-denuncio-la-detencion-de-dos-activistas-y-exigio-una-prueba-de-vida/","La dictadura de Maduro secuestró a otros dos colaboradores de María Corina Machado en el oeste de Venezuela","La oposición venezolana denuncia la detención de dos activistas y exige una prueba de vida.","https://encrypted-tbn0.gstatic.com/images?q=tbn:ANd9GcQTh_b88j15kT0IkwqnAqf97xIqiqkiaTdepQmwVhS4U0zfj0mjoQG0_uzpyaA&amp;s","La oposición venezolana denunció la detención de dos activistas y exigió una prueba de vida. La detención de los activistas se produjo en el contexto de la crisis política que atraviesa el país. La oposición exige conocer el paradero y las condiciones en las que se encuentran los detenidos.","La oposición venezolana denunció la detención de dos activistas y exigió una prueba de vida. La detención de los activistas se produjo en el contexto de la crisis política que atraviesa el país. La oposición exige conocer el paradero y las condiciones en las que se encuentran los detenidos.",""
"09/02/2025 08:00:04","https://infobae.com/america/mundo/2025/09/02/belgica-reconocera-el-estado-de-palestina-durante-la-asamblea-general-de-la-onu/","Bélgica reconocerá el Estado de Palestina durante la Asamblea General de la ONU","Bélgica reconocerá el estado de Palestina durante la Asamblea General de la ONU","https://encrypted-tbn0.gstatic.com/images?q=tbn:ANd9GcTa68zZ6cYTjYiqqiDJMxhemB-hCqN7JVKeTqMNAXsyG1qLc8637WZaDDH8tA&amp;s","Bélgica reconocerá el estado de Palestina durante la Asamblea General de la ONU. El Ministerio de Relaciones Exteriores belga anunció que tomará esta decisión en busca de una solución pacífica al conflicto entre Israel y Palestina. La medida forma parte de un esfuerzo internacional por promover la creación de dos estados independientes y soberanos en la región.","Bélgica reconocerá el estado de Palestina durante la Asamblea General de la ONU. El Ministerio de Relaciones Exteriores belga anunció que tomará esta decisión en busca de una solución pacífica al conflicto entre Israel y Palestina. La medida forma parte de un esfuerzo internacional por promover la creación de dos estados independientes y soberanos en la región.",""
"09/02/2025 08:00:04","https://infobae.com/historias/2025/09/02/la-vida-en-el-principado-de-sealand-el-microestado-de-400-metros-cuadrados-que-tiene-miles-de-ciudadanos-que-jamas-lo-visitaron/","La vida en el principado de Sealand, el microestado de 400 metros cuadrados que tiene miles de “ciudadanos” que jamás lo visitaron","La vida en el Principado de Sealand: el microestado de 400 metros cuadrados que tiene miles de ciudadanos que jamás lo visitaron","https://encrypted-tbn0.gstatic.com/images?q=tbn:ANd9GcRW47p58-IfZbdibrzfM56pAgfNxxH6pPIF62PmeWv4TTgNUDNkT7NdDj2Y_Q&amp;s","El Principado de Sealand es un microestado de solo 400 metros cuadrados ubicado en el Mar del Norte. A pesar de su pequeño tamaño, tiene miles de ciudadanos que nunca han visitado el lugar. Este territorio ha sido objeto de controversia y ha pasado por diversas situaciones a lo largo de los años.","El Principado de Sealand es un microestado de solo 400 metros cuadrados ubicado en el Mar del Norte. A pesar de su pequeño tamaño, tiene miles de ciudadanos que nunca han visitado el lugar. Este territorio ha sido objeto de controversia y ha pasado por diversas situaciones a lo largo de los años.",""
"09/02/2025 08:00:04","https://infobae.com/deportes/2025/09/02/el-truco-de-colapinto-a-bordo-de-un-monopatin-que-fue-furor-entre-los-fanaticos-crack/","El truco de Colapinto a bordo de un monopatín que fue furor entre los fanáticos: “Crack”","El truco de Colapinto a bordo de un monopatín que fue furor entre los fanáticos crack.","https://encrypted-tbn0.gstatic.com/images?q=tbn:ANd9GcQEku0iFlmR1P6axGSApgC4KxQewX8aCpvgmuH56d7Pt1CRuiVOD23iVpMQsqU&amp;s","En el link proporcionado se informa sobre el truco realizado por el piloto argentino Franco Colapinto a bordo de un monoplaza que generó gran impacto entre los fanáticos. El joven deportista logró ejecutar la maniobra con éxito, causando sorpresa y admiración en el público presente. La hazaña se viralizó en las redes sociales, convirtiéndose en tema de conversación entre los seguidores del automovilismo.","En el link proporcionado se informa sobre el truco realizado por el piloto argentino Franco Colapinto a bordo de un monoplaza que generó gran impacto entre los fanáticos. El joven deportista logró ejecutar la maniobra con éxito, causando sorpresa y admiración en el público presente. La hazaña se viralizó en las redes sociales, convirtiéndose en tema de conversación entre los seguidores del automovilismo.",""
"09/02/2025 08:00:04","https://infobae.com/deportes/2025/09/01/la-foto-con-una-actriz-erotica-que-termino-con-la-expulsion-de-seis-jugadores-en-un-club-de-brasil-por-indisciplina/","La foto con una actriz erótica que terminó con la expulsión de seis jugadores de un club de Brasil por “indisciplina”","La foto con una actriz erótica que terminó con la expulsión de seis jugadores en un club de Brasil por indisciplina.","https://encrypted-tbn0.gstatic.com/images?q=tbn:ANd9GcRQwhl-7KrIMO-EdBbzY6X1B9U4clGUkopANaMtPknDiIe8g-DPgno-jOCUWw&amp;s","Seis jugadores de un club de Brasil fueron expulsados por indisciplina luego de que circulara una foto en la que aparecían con una actriz erótica. El club tomó la decisión de separar a los futbolistas del equipo tras considerar que habían violado las normas de conducta del club.","Seis jugadores de un club de Brasil fueron expulsados por indisciplina luego de que circulara una foto en la que aparecían con una actriz erótica. El club tomó la decisión de separar a los futbolistas del equipo tras considerar que habían violado las normas de conducta del club.",""
"09/02/2025 08:00:04","https://infobae.com/deportes/2025/09/01/el-llamativo-testimonio-del-colaborador-de-seattle-sounders-que-recibio-un-escupitajo-de-luis-suarez-en-la-final-de-la-leagues-cup/","El llamativo testimonio del colaborador de Seattle Sounders que recibió un escupitajo de Luis Suárez en la final de la Leagues Cup","El llamativo testimonio del colaborador de Seattle Sounders que recibió un escupitajo de Luis Suárez en la final de la Leagues Cup.","https://encrypted-tbn0.gstatic.com/images?q=tbn:ANd9GcQWAJojQZdGJhmXV_P-OrpiPS7xlLlPQyLnh3VmK8kXeJtTVEGU5MfTzmPL5g&amp;s","En la final de la Leagues Cup, un colaborador del Seattle Sounders recibió un escupitajo por parte de Luis Suárez, jugador del Atlético de Madrid. El incidente fue revelado por el propio afectado, quien expresó su sorpresa y decepción por la actitud del futbolista uruguayo. El hecho se produjo tras la derrota del Seattle Sounders ante el equipo español en la final del torneo.","En la final de la Leagues Cup, un colaborador del Seattle Sounders recibió un escupitajo por parte de Luis Suárez, jugador del Atlético de Madrid. El incidente fue revelado por el propio afectado, quien expresó su sorpresa y decepción por la actitud del futbolista uruguayo. El hecho se produjo tras la derrota del Seattle Sounders ante el equipo español en la final del torneo.",""
"09/02/2025 08:00:04","https://infobae.com/entretenimiento/2025/09/01/fifth-harmony-se-reunio-en-el-escenario-tras-siete-anos-de-ausencia/","Fifth Harmony se reunió en el escenario tras siete años de ausencia","Fifth Harmony se reunió en el escenario tras siete años de ausencia","https://encrypted-tbn0.gstatic.com/images?q=tbn:ANd9GcTHoqMW6hqyN7LPnXEQDb7bVYV7ZvMRCtRNcX5pgBiD7eRW3XVBJW-MgNzDaw&amp;s","El grupo musical Fifth Harmony se reunió en el escenario después de siete años de ausencia. Las integrantes se presentaron juntas en un evento especial y emocionaron a sus seguidores con su actuación. La reunión sorprendió a los fans que esperaban verlas juntas nuevamente.","El grupo musical Fifth Harmony se reunió en el escenario después de siete años de ausencia. Las integrantes se presentaron juntas en un evento especial y emocionaron a sus seguidores con su actuación. La reunión sorprendió a los fans que esperaban verlas juntas nuevamente.",""
"09/02/2025 08:00:04","https://infobae.com/estados-unidos/2025/09/01/trump-dijo-que-india-ofrecio-eliminar-los-aranceles-a-productos-de-estados-unidos-pero-es-demasiado-tarde/","Trump dijo que India ofreció eliminar los aranceles a productos de Estados Unidos, pero “es demasiado tarde”","Trump dijo que India ofreció eliminar los aranceles a productos de Estados Unidos pero es demasiado tarde","https://encrypted-tbn0.gstatic.com/images?q=tbn:ANd9GcTBzWrZfTUGWx_RZoDdsMH7uTtemaLBzGkkJX2gPujFMKjB7qAnywfTrK_wsg&amp;s","El ex presidente de los Estados Unidos, Donald Trump, afirmó que India ofreció eliminar los aranceles a productos estadounidenses, pero consideró que la oferta llega demasiado tarde. Trump explicó que la eliminación de aranceles debió haber ocurrido cuando él estaba en el poder, y señaló que la medida beneficiaría a los agricultores y trabajadores estadounidenses.","El ex presidente de los Estados Unidos, Donald Trump, afirmó que India ofreció eliminar los aranceles a productos estadounidenses, pero consideró que la oferta llega demasiado tarde. Trump explicó que la eliminación de aranceles debió haber ocurrido cuando él estaba en el poder, y señaló que la medida beneficiaría a los agricultores y trabajadores estadounidenses.",""
"09/02/2025 08:00:04","https://infobae.com/america/mundo/2025/09/02/corea-del-sur-estima-que-2000-soldados-norcoreanos-murieron-en-ucrania-tras-unirse-al-combate-junto-a-las-tropas-rusas/","Corea del Sur estima que 2.000 soldados norcoreanos murieron en Ucrania tras combatir junto a Rusia","Corea del Sur estima que 2000 soldados norcoreanos murieron en Ucrania tras unirse al combate junto a las tropas rusas","https://encrypted-tbn0.gstatic.com/images?q=tbn:ANd9GcSExSUSHyc6Nm6IqoWqYllhy4Vl9titWW73IbJF4MGYBb0v1hFBecU06PNInw&amp;s","Corea del Sur estima que alrededor de 2000 soldados norcoreanos murieron en combate en Ucrania luego de unirse a las tropas rusas. Esta información fue revelada por un senador surcoreano, quien también mencionó que el líder norcoreano, Kim Jong-un, envió tropas a Ucrania para participar en la guerra contra las fuerzas ucranianas y occidentales. Hasta el momento, Corea del Norte no ha confirmado ni negado esta información.","Corea del Sur estima que alrededor de 2000 soldados norcoreanos murieron en combate en Ucrania luego de unirse a las tropas rusas. Esta información fue revelada por un senador surcoreano, quien también mencionó que el líder norcoreano, Kim Jong-un, envió tropas a Ucrania para participar en la guerra contra las fuerzas ucranianas y occidentales. Hasta el momento, Corea del Norte no ha confirmado ni negado esta información.",""
"09/02/2025 08:00:04","https://infobae.com/america/america-latina/2025/09/02/la-justicia-de-brasil-inicia-la-fase-de-veredicto-en-el-caso-bolsonaro-enfrenta-una-condena-de-hasta-43-anos-de-prision/","La Justicia de Brasil inicia la fase de veredicto en el caso Bolsonaro: enfrenta una condena de hasta 43 años de prisión","La justicia de Brasil inicia la fase de veredicto en el caso: Bolsonaro enfrenta una condena de hasta 43 años de prisión.","https://encrypted-tbn0.gstatic.com/images?q=tbn:ANd9GcRdY6gIUabWypIomK7vtxRRt6m94ISDs0svXz_Gn05FtwAWGj2zWTnuAVX2nKU&amp;s","La justicia de Brasil entra en la fase de veredicto en el caso de Bolsonaro, quien enfrenta una posible condena de hasta 43 años de prisión.","La justicia de Brasil entra en la fase de veredicto en el caso de Bolsonaro, quien enfrenta una posible condena de hasta 43 años de prisión.",""
"09/02/2025 08:00:04","https://infobae.com/deportes/2025/09/02/romance-en-puerta-afirman-que-vinicius-se-reunio-en-secreto-con-una-reconocida-influencer-en-espana/","¿Romance en puerta? Afirman que Vinicius se reunió en secreto con una reconocida influencer en España","Romance en puerta: afirman que Vinicius se reunió en secreto con una reconocida influencer en España","https://encrypted-tbn0.gstatic.com/images?q=tbn:ANd9GcRSP0YgHlan5XjekF11WcuHLM_jQY-lpo8u3OtsBXGUTqtorHKZPOKbBrEPWdw&amp;s","El futbolista Vinicius Jr. habría mantenido una reunión secreta con una reconocida influencer en España, según informaron medios locales. Aunque no se han dado detalles sobre el supuesto romance, la noticia ha generado revuelo en las redes sociales.","El futbolista Vinicius Jr. habría mantenido una reunión secreta con una reconocida influencer en España, según informaron medios locales. Aunque no se han dado detalles sobre el supuesto romance, la noticia ha generado revuelo en las redes sociales.",""
"09/02/2025 08:00:04","https://infobae.com/deportes/2025/09/02/la-angustiosa-revelacion-de-novak-djokovic-en-medio-del-us-open-que-conmovio-al-tenis/","La angustiosa revelación de Novak Djokovic en medio del US Open que conmovió al tenis","La angustiosa revelación de Novak Djokovic en medio del US Open que conmovió al tenis","https://encrypted-tbn0.gstatic.com/images?q=tbn:ANd9GcRBLaADweqXsqdjNAVucC_vl84biquRRPQUJH2uArOEnDodGbJytN5XtBe8Yg&amp;s","En medio del US Open, Novak Djokovic reveló sentir angustia por presiones y expectativas en su carrera tenística, lo cual conmovió al mundo del tenis. El número uno del mundo expresó su vulnerabilidad y la necesidad de trabajar en su bienestar emocional para alcanzar un equilibrio en su vida profesional y personal.","En medio del US Open, Novak Djokovic reveló sentir angustia por presiones y expectativas en su carrera tenística, lo cual conmovió al mundo del tenis. El número uno del mundo expresó su vulnerabilidad y la necesidad de trabajar en su bienestar emocional para alcanzar un equilibrio en su vida profesional y personal.",""
"09/02/2025 08:00:04","https://infobae.com/america/mundo/2025/09/02/catastrofe-en-sudan-un-deslizamiento-de-tierra-sepulto-una-aldea-entera-y-dejo-mas-de-mil-muertos/","Catástrofe en Sudán: un deslizamiento de tierra sepultó una aldea entera y dejó más de mil muertos","Catastrofe en Sudán: Deslizamiento de tierra sepultó una aldea entera y dejó más de mil muertos","https://encrypted-tbn0.gstatic.com/images?q=tbn:ANd9GcRpaijGnJxs4kQC-c5JgFdqswKNUBWfrpSIijJD0XOWoSEFsn-m2N_znVkImp8&amp;s","Un deslizamiento de tierra en Sudan sepultó una aldea entera, dejando más de mil personas muertas. La tragedia ocurrió en un pueblo ubicado en las montañas del este de Sudan. Aún se desconocen las causas exactas del deslizamiento. Los equipos de rescate continúan trabajando en la zona para buscar sobrevivientes.","Un deslizamiento de tierra en Sudan sepultó una aldea entera, dejando más de mil personas muertas. La tragedia ocurrió en un pueblo ubicado en las montañas del este de Sudan. Aún se desconocen las causas exactas del deslizamiento. Los equipos de rescate continúan trabajando en la zona para buscar sobrevivientes.",""
"09/02/2025 08:00:04","https://infobae.com/america/mundo/2025/09/02/el-regimen-de-china-elimino-el-visado-para-turistas-rusos-tras-la-reunion-entre-xi-jinping-y-vladimir-putin-en-beijing/","China eliminó el visado para turistas rusos tras la reunión entre Xi Jinping y Vladimir Putin en Beijing","El régimen de China eliminó el visado para turistas rusos tras la reunión entre Xi Jinping y Vladimir Putin en Beijing","https://encrypted-tbn0.gstatic.com/images?q=tbn:ANd9GcSShKyTJ4vKwZIemURQefsO1exauYs55jotcxStEzir77WUH5A5O1lQX79EhQ&amp;s","El régimen de China ha eliminado el visado para turistas rusos después de una reunión entre Xi Jinping y Vladimir Putin en Beijing.","El régimen de China ha eliminado el visado para turistas rusos después de una reunión entre Xi Jinping y Vladimir Putin en Beijing.",""
"09/02/2025 08:00:04","https://infobae.com/america/mundo/2025/09/02/el-fenomeno-natural-que-ilumino-de-azul-una-playa-de-australia-y-sorprendio-a-visitantes-y-expertos/","El sorprendente fenómeno natural que iluminó de azul una playa de Australia y cautivó a visitantes y expertos","El fenómeno natural que iluminó de azul una playa de Australia y sorprendió a visitantes y expertos","https://encrypted-tbn0.gstatic.com/images?q=tbn:ANd9GcQsPOaBxQTgEsolYwo36-0WJkqGDyK7NSqSMSxcg6zqUgMpf5GB-7MGnN-s4A&amp;s","En una playa de Australia, un fenómeno natural iluminó el agua de color azul, sorprendiendo a visitantes y expertos. La bioluminiscencia, producida por microorganismos marinos llamados fitoplancton, creó un impactante espectáculo nocturno en la costa. Este fenómeno es poco común y se debe a la presencia de algas que emiten luz en respuesta al movimiento del agua. Los científicos explicaron que la bioluminiscencia es inofensiva y no representa ningún peligro para los seres humanos.","En una playa de Australia, un fenómeno natural iluminó el agua de color azul, sorprendiendo a visitantes y expertos. La bioluminiscencia, producida por microorganismos marinos llamados fitoplancton, creó un impactante espectáculo nocturno en la costa. Este fenómeno es poco común y se debe a la presencia de algas que emiten luz en respuesta al movimiento del agua. Los científicos explicaron que la bioluminiscencia es inofensiva y no representa ningún peligro para los seres humanos.",""
"09/02/2025 08:00:04","https://infobae.com/america/mundo/2025/09/02/crisis-en-indonesia-seis-muertos-y-mas-de-20-desaparecidos-tras-la-represion-a-las-movilizaciones-contra-el-congreso/","Seis muertos y más de 20 desaparecidos tras la represión policial en Indonesia","Crisis en Indonesia: seis muertos y más de 20 desaparecidos tras la represión a las movilizaciones contra el congreso","https://encrypted-tbn0.gstatic.com/images?q=tbn:ANd9GcRAINcetVyxohZxSLyJ4Bgz9GA1q6JJ3Abha9E5Y-c22zKWbulB0JMPmv8ptw&amp;s","Seis personas han muerto y más de 20 están desaparecidas en Indonesia luego de la represión a las movilizaciones contra el Congreso. Los manifestantes protestaban por la aprobación de polémicas leyes laborales y de inversión. La policía ha utilizado gas lacrimógeno y cañones de agua para dispersar a la multitud, lo que ha generado enfrentamientos violentos. La situación en el país continúa siendo tensa y se espera que haya más protestas en los próximos días.","Seis personas han muerto y más de 20 están desaparecidas en Indonesia luego de la represión a las movilizaciones contra el Congreso. Los manifestantes protestaban por la aprobación de polémicas leyes laborales y de inversión. La policía ha utilizado gas lacrimógeno y cañones de agua para dispersar a la multitud, lo que ha generado enfrentamientos violentos. La situación en el país continúa siendo tensa y se espera que haya más protestas en los próximos días.",""
"09/02/2025 08:00:04","https://infobae.com/america/mundo/2025/09/02/kim-jong-un-ya-esta-en-china-para-asistir-a-un-desfile-militar-junto-a-xi-jinping-y-vladimir-putin/","Kim Jong Un ya está en China para asistir a un desfile militar junto a Xi Jinping y Vladimir Putin","Kim Jong-un ya está en China para asistir a un desfile militar junto a Xi Jinping y Vladimir Putin.","https://encrypted-tbn0.gstatic.com/images?q=tbn:ANd9GcS5yNYOKSXyKD8xG3AYPi4llEX6YJ-o13Zqa3ayR5PUzIqflB_Qej5Nsz-2hFk&amp;s","Kim Jong-un ha llegado a China para participar en un desfile militar junto a Xi Jinping y Vladimir Putin. El líder norcoreano se reunió con el presidente chino antes del evento, en el que también estará presente el líder ruso. Este encuentro busca fortalecer las relaciones entre los tres países en medio de tensiones internacionales.","Kim Jong-un ha llegado a China para participar en un desfile militar junto a Xi Jinping y Vladimir Putin. El líder norcoreano se reunió con el presidente chino antes del evento, en el que también estará presente el líder ruso. Este encuentro busca fortalecer las relaciones entre los tres países en medio de tensiones internacionales.",""
"09/02/2025 08:00:04","https://infobae.com/america/mundo/2025/09/02/crisis-en-iran-el-rial-alcanzo-un-nuevo-minimo-ante-la-amenaza-de-sanciones-por-parte-de-la-onu/","Crisis en Irán: el rial alcanzó un nuevo mínimo ante la amenaza de sanciones por parte de la ONU","Crisis en Irán: el rial alcanzó un nuevo mínimo ante la amenaza de sanciones por parte de la ONU","https://encrypted-tbn0.gstatic.com/images?q=tbn:ANd9GcQHuI3HZU4AIxuVL-97anEDRi7a0g5O8tvfk4kOgo_8fh6p7Ht7pYPFhKZGcQ&amp;s","En Irán, el Rial alcanzó un nuevo mínimo frente al dólar debido a la amenaza de sanciones por parte de la ONU. Esta situación se da en medio de una crisis económica que afecta al país, causada por la pandemia de COVID-19 y las políticas del gobierno. Los ciudadanos han expresado su preocupación por el impacto de esta situación en su calidad de vida.","En Irán, el Rial alcanzó un nuevo mínimo frente al dólar debido a la amenaza de sanciones por parte de la ONU. Esta situación se da en medio de una crisis económica que afecta al país, causada por la pandemia de COVID-19 y las políticas del gobierno. Los ciudadanos han expresado su preocupación por el impacto de esta situación en su calidad de vida.",""
"09/02/2025 08:00:04","https://infobae.com/america/america-latina/2025/09/02/persecucion-en-cuba-la-unpacu-repudio-su-inclusion-en-la-lista-de-organizaciones-terroristas-impuesta-por-la-dictadura/","Persecución en Cuba: la UNPACU repudió su inclusión en la lista de organizaciones “terroristas” impuesta por la dictadura","Persecución en Cuba: UNPACU repudió su inclusión en la lista de organizaciones terroristas impuesta por la dictadura","https://encrypted-tbn0.gstatic.com/images?q=tbn:ANd9GcRg0YYBp6MV1HntWXgxm7kgex7qrUpQ1HjptZXupYunFyLSV7pgx0ENVC1UO2A&amp;s","En Cuba, la Unión Patriótica de Cuba (UNPACU) rechazó categóricamente su inclusión en la lista de organizaciones terroristas impuesta por la dictadura. La UNPACU denunció que se trata de una estrategia del gobierno para silenciar a la oposición política y desviar la atención de la crisis económica y social que atraviesa el país. Además, la organización expresó su compromiso con la lucha pacífica por la democracia y los derechos humanos en la isla.","En Cuba, la Unión Patriótica de Cuba (UNPACU) rechazó categóricamente su inclusión en la lista de organizaciones terroristas impuesta por la dictadura. La UNPACU denunció que se trata de una estrategia del gobierno para silenciar a la oposición política y desviar la atención de la crisis económica y social que atraviesa el país. Además, la organización expresó su compromiso con la lucha pacífica por la democracia y los derechos humanos en la isla.",""
"09/02/2025 08:00:04","https://infobae.com/america/america-latina/2025/09/01/carlos-carvallo-spalding-recibio-la-calificacion-a-de-global-finance-por-el-liderazgo-en-el-banco-central-del-paraguay/","Carlos Carvallo Spalding recibió la calificación “A” de Global Finance por el liderazgo en el Banco Central del Paraguay","Carlos Carvallo Spalding recibió la calificación A+ de Global Finance por el liderazgo en el Banco Central del Paraguay","https://encrypted-tbn0.gstatic.com/images?q=tbn:ANd9GcRCmMii6OUrJYIFK3cKYycv1kek48qzvxmDgzRPeYnM5tHmYMrogKrFZ3IMNv0&amp;s","Carlos Carvallo Spalding, presidente del Banco Central del Paraguay, ha sido reconocido por Global Finance por su liderazgo en la institución. La calificación recibida destaca su desempeño al frente del banco central del país, reconociendo así su trabajo y compromiso en áreas como la estabilidad financiera y la implementación de políticas económicas.","Carlos Carvallo Spalding, presidente del Banco Central del Paraguay, ha sido reconocido por Global Finance por su liderazgo en la institución. La calificación recibida destaca su desempeño al frente del banco central del país, reconociendo así su trabajo y compromiso en áreas como la estabilidad financiera y la implementación de políticas económicas.",""
"09/02/2025 08:00:04","https://infobae.com/america/mundo/2025/09/01/la-onu-exigio-investigaciones-exhaustivas-ante-la-oleada-de-violencia-durante-las-protestas-en-indonesia/","La ONU exigió investigaciones exhaustivas ante la oleada de violencia durante las protestas en Indonesia","La ONU exigió investigaciones exhaustivas ante la oleada de violencia durante las protestas en Indonesia","https://encrypted-tbn0.gstatic.com/images?q=tbn:ANd9GcRfKcsOk8DGOwDo20zhoheb-ufrDXPAlOkkSjSspfO_qYIz0G9PcACKQCBRzw&amp;s","La ONU solicitó investigaciones exhaustivas ante la ola de violencia ocurrida durante las protestas en Indonesia. La organización expresó su preocupación por la violencia y los informes de uso excesivo de la fuerza por parte de las autoridades. Instó al gobierno indonesio a garantizar la protección de los derechos humanos y a llevar a los responsables de la violencia ante la justicia.","La ONU solicitó investigaciones exhaustivas ante la ola de violencia ocurrida durante las protestas en Indonesia. La organización expresó su preocupación por la violencia y los informes de uso excesivo de la fuerza por parte de las autoridades. Instó al gobierno indonesio a garantizar la protección de los derechos humanos y a llevar a los responsables de la violencia ante la justicia.",""
"09/02/2025 08:00:04","https://infobae.com/america/mundo/2025/09/01/los-rebeldes-huties-de-yemen-reivindicaron-un-ataque-con-misil-balistico-contra-un-petrolero-israeli-en-el-mar-rojo/","Los rebeldes hutíes de Yemen reivindicaron un ataque con misil balístico contra un petrolero israelí en el mar Rojo","Los rebeldes hutíes de Yemen reivindican ataque con misil balístico contra petrolero israelí en el Mar Rojo","https://encrypted-tbn0.gstatic.com/images?q=tbn:ANd9GcTSiD65kz-JEYFAMVt4Fhomck5JnuaapgufjFtqzAE66xatAJLahXp9snexlw&amp;s","Los rebeldes hutíes de Yemen reivindicaron un ataque con misil balístico contra un petrolero israelí en el Mar Rojo. El incidente provocó un incendio en la embarcación, pero no se reportaron heridos.","Los rebeldes hutíes de Yemen reivindicaron un ataque con misil balístico contra un petrolero israelí en el Mar Rojo. El incidente provocó un incendio en la embarcación, pero no se reportaron heridos.",""
"09/02/2025 08:00:04","https://infobae.com/america/america-latina/2025/09/01/el-deficit-de-habilidades-digitales-expone-a-america-latina-a-un-rezago-estructural/","El déficit de habilidades digitales expone a América Latina a un rezago estructural","El déficit de habilidades digitales expone a América Latina a un rezago estructural.","https://encrypted-tbn0.gstatic.com/images?q=tbn:ANd9GcR_NWudhKth3aD3W1AanhhKlBmLd2fZHoChIYnLfRjS7sADAKFb1kvzAKqAwqc&amp;s","Según un informe, América Latina enfrenta un déficit de habilidades digitales que la está dejando rezagada en comparación con otras regiones del mundo. Este rezago se debe a la falta de capacitación en áreas como la programación y la tecnología, lo que pone en peligro la competitividad de la región en el futuro. Es necesario invertir en educación y formación en habilidades digitales para evitar un mayor rezago estructural en América Latina.","Según un informe, América Latina enfrenta un déficit de habilidades digitales que la está dejando rezagada en comparación con otras regiones del mundo. Este rezago se debe a la falta de capacitación en áreas como la programación y la tecnología, lo que pone en peligro la competitividad de la región en el futuro. Es necesario invertir en educación y formación en habilidades digitales para evitar un mayor rezago estructural en América Latina.",""
"09/02/2025 08:00:04","https://infobae.com/america/america-latina/2025/09/01/la-dictadura-de-daniel-ortega-pacto-un-acuerdo-de-cooperacion-con-un-territorio-ucraniano-ocupado-ilegalmente-por-rusia/","La dictadura de Daniel Ortega pactó un acuerdo de cooperación con un territorio ucraniano ocupado ilegalmente por Rusia","La dictadura de Daniel Ortega pactó un acuerdo de cooperación con un territorio ucraniano ocupado ilegalmente por Rusia","https://encrypted-tbn0.gstatic.com/images?q=tbn:ANd9GcQEw4Mzq9QLhz6M1JBgYLmaYVhrMpP2Wam8kdo1J0Ox8ks37VCqBeJ_e8GbUw&amp;s","La dictadura de Daniel Ortega en Nicaragua ha pactado un acuerdo de cooperación con un territorio ucraniano que está ocupado ilegalmente por Rusia. Esta alianza ha generado críticas y preocupación internacional debido a la controversia y la violación de normas internacionales que implica.","La dictadura de Daniel Ortega en Nicaragua ha pactado un acuerdo de cooperación con un territorio ucraniano que está ocupado ilegalmente por Rusia. Esta alianza ha generado críticas y preocupación internacional debido a la controversia y la violación de normas internacionales que implica.",""
"09/02/2025 08:00:04","https://infobae.com/america/america-latina/2025/09/01/el-presidente-del-frente-amplio-uruguayo-dijo-que-las-elecciones-de-2024-en-venezuela-no-fueron-claras/","El presidente del Frente Amplio uruguayo dijo que las elecciones de 2024 en Venezuela no fueron claras","El presidente del Frente Amplio uruguayo dijo que las elecciones de 2024 en Venezuela no fueron claras","https://encrypted-tbn0.gstatic.com/images?q=tbn:ANd9GcQdTiiF8-yLi3XywS0234_YsIlVi3p_beFKn_gD4XK--FZzXjxoX4V2fMa8Z9o&amp;s","El presidente del Frente Amplio uruguayo expresó que las elecciones de 2024 en Venezuela no fueron transparentes. Señaló que hubo irregularidades en el proceso electoral y cuestionó la legitimidad de los resultados obtenidos.","El presidente del Frente Amplio uruguayo expresó que las elecciones de 2024 en Venezuela no fueron transparentes. Señaló que hubo irregularidades en el proceso electoral y cuestionó la legitimidad de los resultados obtenidos.",""
"09/02/2025 08:00:04","https://infobae.com/deportes/2025/09/02/la-historia-detras-de-la-pelea-callejera-mas-salvaje-de-mike-tyson-la-venganza-de-un-pandillero-con-fuerza-casi-alienigena/","La historia detrás de la pelea más salvaje de Tyson: la venganza de un pandillero con “fuerza casi alienígena”","La historia detrás de la pelea callejera más salvaje de Mike Tyson: La venganza de un pandillero con fuerza casi alienígena","https://encrypted-tbn0.gstatic.com/images?q=tbn:ANd9GcQ2tTwloFawih7rPuPsiOVWPTIgIe_rvLnc7WMkM84HGlc4V4yOwoZXailgnCs&amp;s","El artículo narra la historia detrás de una pelea callejera en la que Mike Tyson se vio envuelto en 1985, antes de convertirse en campeón mundial de los pesos pesados. La pelea fue con un pandillero y se dice que Tyson demostró una fuerza casi alienígena, dejando a su oponente sin posibilidad de defenderse. Este incidente contribuyó a forjar la reputación de Tyson como un boxeador temible en su camino hacia la cima.","El artículo narra la historia detrás de una pelea callejera en la que Mike Tyson se vio envuelto en 1985, antes de convertirse en campeón mundial de los pesos pesados. La pelea fue con un pandillero y se dice que Tyson demostró una fuerza casi alienígena, dejando a su oponente sin posibilidad de defenderse. Este incidente contribuyó a forjar la reputación de Tyson como un boxeador temible en su camino hacia la cima.",""
"09/02/2025 08:00:04","https://infobae.com/venezuela/2025/09/01/la-amenaza-del-dictador-nicolas-maduro-si-venezuela-es-agredida-pasara-al-periodo-de-lucha-armada/","La amenaza del dictador Nicolás Maduro: “Si Venezuela es agredida pasará al período de lucha armada”","La amenaza del dictador Nicolás Maduro: si Venezuela es agredida pasará al período de lucha armada","https://encrypted-tbn0.gstatic.com/images?q=tbn:ANd9GcTnke22KGAAJir27hqzq51OEGN3ivXXkNYnhrFAwX8BexNZ9PlbiqXCrwEcRx0&amp;s","El presidente de Venezuela, Nicolás Maduro, amenazó con entrar en un periodo de lucha armada si el país es agredido. Estas declaraciones se produjeron en medio de la escalada de tensiones en la región, con el despliegue de tropas rusas en Venezuela. Esta advertencia de Maduro ha generado preocupación en la comunidad internacional.","El presidente de Venezuela, Nicolás Maduro, amenazó con entrar en un periodo de lucha armada si el país es agredido. Estas declaraciones se produjeron en medio de la escalada de tensiones en la región, con el despliegue de tropas rusas en Venezuela. Esta advertencia de Maduro ha generado preocupación en la comunidad internacional.",""
"09/02/2025 08:00:04","https://infobae.com/virales/2025/09/01/el-impactante-cambio-fisico-de-dwayne-la-rocajohnson-que-se-viralizo-en-el-festival-de-cine-de-venecia/","El impactante cambio físico de Dwayne “La Roca” Johnson que se viralizó en el Festival de Cine de Venecia","El impactante cambio físico de Dwayne ""La Roca"" Johnson que se viralizó en el Festival de Cine de Venecia","https://encrypted-tbn0.gstatic.com/images?q=tbn:ANd9GcRODx73Dndfgeyu7YOidhNiknMP_Ka7fbzFgogRmkaK-X_w49l6selztEWA&amp;s","El famoso actor Dwayne ""La Roca"" Johnson sorprendió en el Festival de Cine de Venecia con un impactante cambio físico. Se viralizó su nueva apariencia, mostrando un aspecto más delgado y tonificado. La transformación de Johnson generó gran revuelo en las redes sociales, donde sus seguidores elogiaron su nueva imagen.","El famoso actor Dwayne ""La Roca"" Johnson sorprendió en el Festival de Cine de Venecia con un impactante cambio físico. Se viralizó su nueva apariencia, mostrando un aspecto más delgado y tonificado. La transformación de Johnson generó gran revuelo en las redes sociales, donde sus seguidores elogiaron su nueva imagen.",""
"09/02/2025 08:00:04","https://infobae.com/deportes/2025/09/01/ceo-millonario-descubrieron-al-espectador-que-le-robo-a-un-nino-el-regalo-de-un-tenista-en-el-us-open-y-genero-repudio/","“CEO millonario”: descubrieron al espectador que le robó a un niño el regalo de un tenista en el US Open y generó repudio","CEO millonario descubrieron al espectador que le robó a un niño el regalo de un tenista en el US Open y generó repudio","https://encrypted-tbn0.gstatic.com/images?q=tbn:ANd9GcRX-mf85NldkwAhUoOG_sbiDa0Bwutc0ZkCa5pb70Hyo0LvOXfKFWZX5DnTAw&amp;s","En el US Open, un CEO millonario fue descubierto robándole el regalo de un tenista a un niño. El espectador fue identificado a través de las redes sociales, generando repudio en las plataformas digitales.","En el US Open, un CEO millonario fue descubierto robándole el regalo de un tenista a un niño. El espectador fue identificado a través de las redes sociales, generando repudio en las plataformas digitales.",""
"09/02/2025 08:00:04","https://infobae.com/estados-unidos/2025/09/02/un-estudio-revelo-una-caida-historica-en-la-actividad-sexual-en-estados-unidos/","Un estudio reveló una caída histórica en la actividad sexual en Estados Unidos","Un estudio reveló una caída histórica en la actividad sexual en Estados Unidos","https://encrypted-tbn0.gstatic.com/images?q=tbn:ANd9GcQjRjatzQOXAtuBxIg_vYrCH1taAwSYITe05aVlom9fTwyvxk-6veSwXgbeaw&amp;s","Un estudio reveló una caída histórica en la actividad sexual en Estados Unidos. Según la investigación, durante el año pasado se registró un descenso significativo en el número de encuentros íntimos realizados por los estadounidenses. Este fenómeno se atribuye principalmente a la pandemia de COVID-19 y sus consecuentes efectos en la vida social y emocional de las personas. Los expertos advierten sobre la importancia de abordar este tema y sus posibles implicaciones a largo plazo.","Un estudio reveló una caída histórica en la actividad sexual en Estados Unidos. Según la investigación, durante el año pasado se registró un descenso significativo en el número de encuentros íntimos realizados por los estadounidenses. Este fenómeno se atribuye principalmente a la pandemia de COVID-19 y sus consecuentes efectos en la vida social y emocional de las personas. Los expertos advierten sobre la importancia de abordar este tema y sus posibles implicaciones a largo plazo.",""
"09/02/2025 08:00:04","https://infobae.com/deportes/2025/09/01/las-enigmaticas-fotos-de-emma-raducanu-con-otro-tenista-en-medio-de-los-rumores-de-relacion-con-carlos-alcaraz/","Las enigmáticas fotos de Emma Raducanu con otro tenista en medio de los rumores de relación con Carlos Alcaraz","Las enigmáticas fotos de Emma Raducanu con otro tenista en medio de los rumores de relación con Carlos Alcaraz","https://encrypted-tbn0.gstatic.com/images?q=tbn:ANd9GcR07X5CB4QMHgHKZgf4v1_cP0BrgAw7MJJcAVxRO8izExcGi80bK31WM2BM-A&amp;s","La joven tenista Emma Raducanu fue captada en unas enigmáticas fotos junto a otro tenista, avivando los rumores sobre una posible relación con Carlos Alcaraz. Las imágenes han despertado la curiosidad de los fans, quienes especulan sobre la naturaleza de la conexión entre ambos deportistas.","La joven tenista Emma Raducanu fue captada en unas enigmáticas fotos junto a otro tenista, avivando los rumores sobre una posible relación con Carlos Alcaraz. Las imágenes han despertado la curiosidad de los fans, quienes especulan sobre la naturaleza de la conexión entre ambos deportistas.",""
"09/02/2025 08:00:04","https://infobae.com/america/mundo/2025/09/01/crisis-politica-en-francia-la-ultraderecha-francesa-dijo-que-estan-listos-para-unos-potenciales-comicios-anticipados/","Crisis política en Francia: el partido de Marine Le Pen dijo que está listo para unas potenciales elecciones anticipadas","Crisis política en Francia: La ultraderecha francesa dijo que están listos para unos potenciales comicios anticipados","https://encrypted-tbn0.gstatic.com/images?q=tbn:ANd9GcQmFsaiWIwR0xP5ODk8LlA1WW8Ajg2UnQyJUPmb288xWpcRP26nNqcrWDkJiQ&amp;s","La ultraderecha francesa afirmó estar lista para unos posibles comicios anticipados debido a la actual crisis política en Francia. Esta declaración se produce en medio de tensiones en el gobierno y la incertidumbre sobre el futuro político del país.","La ultraderecha francesa afirmó estar lista para unos posibles comicios anticipados debido a la actual crisis política en Francia. Esta declaración se produce en medio de tensiones en el gobierno y la incertidumbre sobre el futuro político del país.",""
"09/02/2025 08:00:04","https://infobae.com/deportes/2025/09/01/las-10-transferencias-mas-importantes-en-el-cierre-del-mercado-en-europa-un-pase-record-y-tres-estrellas-argentinas/","Las 10 transferencias más importantes en el cierre del mercado en Europa: un pase récord y tres estrellas argentinas","Las 10 transferencias más importantes en el cierre del mercado en Europa: un pase récord y tres estrellas argentinas.","https://encrypted-tbn0.gstatic.com/images?q=tbn:ANd9GcQgQejCqOAqzSIPMOMu9u6qGEuRz40l570k-V0aTTmYn8XvJia1lgKQj_X5UFE&amp;s","El cierre del mercado de pases en Europa dejó 10 transferencias destacadas, incluyendo un récord en una de ellas. Tres futbolistas argentinos también fueron protagonistas en estos movimientos.","El cierre del mercado de pases en Europa dejó 10 transferencias destacadas, incluyendo un récord en una de ellas. Tres futbolistas argentinos también fueron protagonistas en estos movimientos.",""
"09/02/2025 08:00:04","https://infobae.com/america/america-latina/2025/08/31/luis-fernando-camacho-pidio-la-liberacion-de-la-ex-presidenta-interina-de-bolivia-jeanine-anez-que-se-acabe-la-persecucion-de-presos-politicos/","Camacho pidió la liberación de la ex presidenta interina de Bolivia Jeanine Áñez: “Que se acabe la persecución”","Luis Fernando Camacho pidió la liberación de la ex presidenta interina de Bolivia Jeanine Áñez: ""Que se acabe la persecución de presos políticos""","https://encrypted-tbn0.gstatic.com/images?q=tbn:ANd9GcTGscQe624UB30CHd9N7pmu__PyBCgTFdM_Oo0txkiyXoIxE4cQ-3nEZ7nsuw&amp;s","El líder boliviano Luis Fernando Camacho pidió la liberación de la ex presidenta interina de Bolivia, Jeanine Áñez, argumentando que debe cesar la persecución de presos políticos en el país.","El líder boliviano Luis Fernando Camacho pidió la liberación de la ex presidenta interina de Bolivia, Jeanine Áñez, argumentando que debe cesar la persecución de presos políticos en el país.",""
"09/02/2025 08:00:04","https://infobae.com/america/mundo/2025/09/01/el-reino-unido-anuncio-una-reforma-radical-del-sistema-de-migracion/","El Reino Unido anunció una reforma “radical” del sistema de migración","El Reino Unido anunció una reforma radical del sistema de migración","https://encrypted-tbn0.gstatic.com/images?q=tbn:ANd9GcQB8m0Jq2b97QXxXXopgiriaegsAms9zB3MjJiVNpW2MiCLv2yfYQq3pXJkDE0&amp;s","El Reino Unido anunció una reforma radical del sistema de migración, la cual incluye la eliminación del límite anual de visas para trabajadores altamente cualificados, así como la creación de un nuevo sistema de puntos basado en habilidades y talento. Esta medida tiene como objetivo atraer a personas con capacidades específicas y reducir la inmigración no calificada. Además, se pondrá fin al programa de trabajadores temporales agrícolas, sustituyéndolo por un nuevo esquema que permitirá a los agricultores contratar personal extranjero de manera más flexible.","El Reino Unido anunció una reforma radical del sistema de migración, la cual incluye la eliminación del límite anual de visas para trabajadores altamente cualificados, así como la creación de un nuevo sistema de puntos basado en habilidades y talento. Esta medida tiene como objetivo atraer a personas con capacidades específicas y reducir la inmigración no calificada. Además, se pondrá fin al programa de trabajadores temporales agrícolas, sustituyéndolo por un nuevo esquema que permitirá a los agricultores contratar personal extranjero de manera más flexible.",""
"09/02/2025 08:00:04","https://infobae.com/america/mundo/2025/09/01/ucrania-califico-de-fracaso-diplomatico-de-rusia-la-declaracion-de-la-cumbre-con-china-e-india/","Ucrania calificó de “fracaso diplomático” de Rusia la declaración de la cumbre con China e India","Ucrania califica de fracaso diplomático la declaración de la cumbre entre Rusia, China e India","https://encrypted-tbn0.gstatic.com/images?q=tbn:ANd9GcSgXLaW8jBc9yIoGjQJdhSr2GNAQne38d4oswpz0DcZwYA4zbapKdb9tpnajg&amp;s","Ucrania calificó de fracaso diplomático la declaración de la cumbre entre Rusia, China e India. El Ministerio de Relaciones Exteriores de Ucrania expresó su descontento, argumentando que la declaración ignora la soberanía y la integridad territorial de Ucrania, así como la violación de los principios del derecho internacional. En el comunicado, Ucrania instó a la comunidad internacional a condenar esta declaración y apoyar la soberanía de Ucrania.","Ucrania calificó de fracaso diplomático la declaración de la cumbre entre Rusia, China e India. El Ministerio de Relaciones Exteriores de Ucrania expresó su descontento, argumentando que la declaración ignora la soberanía y la integridad territorial de Ucrania, así como la violación de los principios del derecho internacional. En el comunicado, Ucrania instó a la comunidad internacional a condenar esta declaración y apoyar la soberanía de Ucrania.",""
"09/02/2025 08:00:04","https://infobae.com/america/mundo/2025/09/01/dos-ciudadanos-rusos-condenados-por-colaborar-con-ucrania-se-fugaron-de-una-prision-en-yekaterimburgo/","Dos ciudadanos rusos condenados por colaborar con Ucrania se fugaron de una prisión en Yekaterimburgo","Dos ciudadanos rusos condenados por colaborar con Ucrania se fugaron de una prisión en Yekaterimburgo","https://encrypted-tbn0.gstatic.com/images?q=tbn:ANd9GcSoQedd0rtClch7_QvNGCpILs8oqlCADMGox4Sn4WnnXb5pqmmcH2bpqK9EOQ&amp;s","","",""
"09/02/2025 08:00:04","https://infobae.com/america/mundo/2025/09/01/alemania-califico-de-prematuros-los-planes-de-von-der-leyen-para-enviar-tropas-europeas-a-ucrania/","Alemania calificó de prematuros los planes de Von der Leyen para enviar tropas europeas a Ucrania","Alemania calificó de prematuros los planes de Von der Leyen para enviar tropas europeas a Ucrania","https://encrypted-tbn0.gstatic.com/images?q=tbn:ANd9GcSoCoYMKyc0v6dfAglOR7hUk2orSvvu0mB5JQOAW7T0APXnLuehvFBSD5qfpw&amp;s","Alemania calificó de prematuros los planes de Ursula von der Leyen para enviar tropas europeas a Ucrania. El ministro de Defensa alemán expresó que es necesario mantener la vía diplomática y que la propuesta de la presidenta de la Comisión Europea debería discutirse con cautela en el seno de la Unión Europea.","Alemania calificó de prematuros los planes de Ursula von der Leyen para enviar tropas europeas a Ucrania. El ministro de Defensa alemán expresó que es necesario mantener la vía diplomática y que la propuesta de la presidenta de la Comisión Europea debería discutirse con cautela en el seno de la Unión Europea.",""
"09/02/2025 08:00:04","https://infobae.com/venezuela/2025/08/31/tension-en-el-esequibo-guyana-denuncio-que-una-embarcacion-con-material-electoral-fue-atacada-a-tiros-desde-venezuela/","Tensión en el Esequibo: Guyana denunció que una embarcación con material electoral fue atacada a tiros desde Venezuela","Tensión en el Esequibo: Guyana denunció que una embarcación con material electoral fue atacada a tiros desde Venezuela.","https://encrypted-tbn0.gstatic.com/images?q=tbn:ANd9GcQVyZOj_SK4JxJbOex8LT1XnSZ99acVZgr-65XJZPMzFt045TCrr8MQ501kzQ&amp;s","La tensión en la región del Esequibo aumenta después de que Guyana denunciara que una embarcación con material electoral fue atacada a tiros desde Venezuela. Este incidente ha aumentado las preocupaciones sobre la seguridad en la zona, donde ambos países mantienen una disputa territorial.","La tensión en la región del Esequibo aumenta después de que Guyana denunciara que una embarcación con material electoral fue atacada a tiros desde Venezuela. Este incidente ha aumentado las preocupaciones sobre la seguridad en la zona, donde ambos países mantienen una disputa territorial.",""
"09/02/2025 08:00:04","https://infobae.com/america/america-latina/2025/09/02/la-justicia-de-guatemala-revoco-la-prision-domiciliaria-del-periodista-jose-ruben-zamora-y-mantiene-su-detencion-preventiva/","La Justicia de Guatemala revocó la prisión domiciliaria del periodista José Rubén Zamora","La justicia de Guatemala revocó la prisión domiciliaria del periodista Jose Ruben Zamora y mantiene su detención preventiva.","https://encrypted-tbn0.gstatic.com/images?q=tbn:ANd9GcSeCS1YQs28mnHAI6vuEhZRBUz696HAiPcwtBUxirZIodg_MY38CmwhnkxL0Q&amp;s","La justicia de Guatemala revocó la prisión domiciliaria del periodista José Rubén Zamora y mantuvo su detención preventiva.","La justicia de Guatemala revocó la prisión domiciliaria del periodista José Rubén Zamora y mantuvo su detención preventiva.",""
"09/02/2025 08:00:04","https://infobae.com/america/america-latina/2025/09/01/el-presidente-ecuatoriano-daniel-noboa-recibira-al-secretario-de-estado-de-eeuu-marco-rubio/","El presidente ecuatoriano Daniel Noboa recibirá al secretario de Estado de EEUU Marco Rubio","El presidente ecuatoriano Daniel Noboa recibirá al secretario de Estado de EE.UU. Marco Rubio","https://encrypted-tbn0.gstatic.com/images?q=tbn:ANd9GcRz7dtxOofL8yX-vUQit4WS876Jh93i_SURBqtKCCuJmlWKzYFE2-KCnD1x1g&amp;s","El presidente de Ecuador, Daniel Noboa, recibirá al secretario de Estado de EE.UU., Marco Rubio. La reunión se llevará a cabo en medio de tensiones entre ambos países debido a diferencias en temas como derechos humanos y democracia. Se espera que durante el encuentro se aborden temas de interés común y se busque fortalecer la relación bilateral entre Ecuador y Estados Unidos.","El presidente de Ecuador, Daniel Noboa, recibirá al secretario de Estado de EE.UU., Marco Rubio. La reunión se llevará a cabo en medio de tensiones entre ambos países debido a diferencias en temas como derechos humanos y democracia. Se espera que durante el encuentro se aborden temas de interés común y se busque fortalecer la relación bilateral entre Ecuador y Estados Unidos.",""