Imagen,Link,Texto,FechaDesde,FechaHAsta
https://viaonline.com.ar/ads/publicite.png,https://docs.google.com/forms/d/e/1FAIpQLSfEuoijbePBC_6L2Yk_c-u0nXZweHLRZd5flnagXc4Us7gTUg/viewform?usp=header,,20/7/2025,10/8/2025
https://viaonline.com.ar/ads/publicite.png,https://docs.google.com/forms/d/e/1FAIpQLSfEuoijbePBC_6L2Yk_c-u0nXZweHLRZd5flnagXc4Us7gTUg/viewform?usp=header,,20/7/2025,10/8/2025
https://viaonline.com.ar/ads/publicite.png,https://docs.google.com/forms/d/e/1FAIpQLSfEuoijbePBC_6L2Yk_c-u0nXZweHLRZd5flnagXc4Us7gTUg/viewform?usp=header,,20/7/2025,10/8/2025
https://viaonline.com.ar/ads/publicite.png,https://docs.google.com/forms/d/e/1FAIpQLSfEuoijbePBC_6L2Yk_c-u0nXZweHLRZd5flnagXc4Us7gTUg/viewform?usp=header,,20/7/2025,10/8/2025
https://viaonline.com.ar/ads/publicite.png,https://docs.google.com/forms/d/e/1FAIpQLSfEuoijbePBC_6L2Yk_c-u0nXZweHLRZd5flnagXc4Us7gTUg/viewform?usp=header,,20/7/2025,10/8/2025
https://viaonline.com.ar/ads/publicite.png,https://docs.google.com/forms/d/e/1FAIpQLSfEuoijbePBC_6L2Yk_c-u0nXZweHLRZd5flnagXc4Us7gTUg/viewform?usp=header,,20/7/2025,10/8/2025
https://viaonline.com.ar/ads/publicite.png,https://docs.google.com/forms/d/e/1FAIpQLSfEuoijbePBC_6L2Yk_c-u0nXZweHLRZd5flnagXc4Us7gTUg/viewform?usp=header,,20/7/2025,10/8/2025
https://viaonline.com.ar/ads/publicite.png,https://docs.google.com/forms/d/e/1FAIpQLSfEuoijbePBC_6L2Yk_c-u0nXZweHLRZd5flnagXc4Us7gTUg/viewform?usp=header,,20/7/2025,10/8/2025
https://viaonline.com.ar/ads/publicite.png,https://docs.google.com/forms/d/e/1FAIpQLSfEuoijbePBC_6L2Yk_c-u0nXZweHLRZd5flnagXc4Us7gTUg/viewform?usp=header,,20/7/2025,10/8/2025
https://viaonline.com.ar/ads/publicite.png,https://docs.google.com/forms/d/e/1FAIpQLSfEuoijbePBC_6L2Yk_c-u0nXZweHLRZd5flnagXc4Us7gTUg/viewform?usp=header,,20/7/2025,10/8/2025
https://viaonline.com.ar/ads/publicite.png,https://docs.google.com/forms/d/e/1FAIpQLSfEuoijbePBC_6L2Yk_c-u0nXZweHLRZd5flnagXc4Us7gTUg/viewform?usp=header,,20/7/2025,10/8/2025
https://viaonline.com.ar/ads/publicite.png,https://docs.google.com/forms/d/e/1FAIpQLSfEuoijbePBC_6L2Yk_c-u0nXZweHLRZd5flnagXc4Us7gTUg/viewform?usp=header,,20/7/2025,10/8/2025
https://viaonline.com.ar/ads/publicite.png,https://docs.google.com/forms/d/e/1FAIpQLSfEuoijbePBC_6L2Yk_c-u0nXZweHLRZd5flnagXc4Us7gTUg/viewform?usp=header,,20/7/2025,10/8/2025
https://viaonline.com.ar/ads/publicite.png,https://docs.google.com/forms/d/e/1FAIpQLSfEuoijbePBC_6L2Yk_c-u0nXZweHLRZd5flnagXc4Us7gTUg/viewform?usp=header,,20/7/2025,10/8/2025
https://viaonline.com.ar/ads/publicite.png,https://docs.google.com/forms/d/e/1FAIpQLSfEuoijbePBC_6L2Yk_c-u0nXZweHLRZd5flnagXc4Us7gTUg/viewform?usp=header,,20/7/2025,10/8/2025
https://viaonline.com.ar/ads/publicite.png,https://docs.google.com/forms/d/e/1FAIpQLSfEuoijbePBC_6L2Yk_c-u0nXZweHLRZd5flnagXc4Us7gTUg/viewform?usp=header,,20/7/2025,10/8/2025
https://viaonline.com.ar/ads/publicite.png,https://docs.google.com/forms/d/e/1FAIpQLSfEuoijbePBC_6L2Yk_c-u0nXZweHLRZd5flnagXc4Us7gTUg/viewform?usp=header,,20/7/2025,10/8/2025
https://viaonline.com.ar/ads/publicite.png,https://docs.google.com/forms/d/e/1FAIpQLSfEuoijbePBC_6L2Yk_c-u0nXZweHLRZd5flnagXc4Us7gTUg/viewform?usp=header,,20/7/2025,10/8/2025
https://viaonline.com.ar/ads/publicite.png,https://docs.google.com/forms/d/e/1FAIpQLSfEuoijbePBC_6L2Yk_c-u0nXZweHLRZd5flnagXc4Us7gTUg/viewform?usp=header,,20/7/2025,10/8/2025
https://viaonline.com.ar/ads/publicite.png,https://docs.google.com/forms/d/e/1FAIpQLSfEuoijbePBC_6L2Yk_c-u0nXZweHLRZd5flnagXc4Us7gTUg/viewform?usp=header,,20/7/2025,10/8/2025
https://viaonline.com.ar/ads/publicite.png,https://docs.google.com/forms/d/e/1FAIpQLSfEuoijbePBC_6L2Yk_c-u0nXZweHLRZd5flnagXc4Us7gTUg/viewform?usp=header,,20/7/2025,10/8/2025
https://viaonline.com.ar/ads/publicite.png,https://docs.google.com/forms/d/e/1FAIpQLSfEuoijbePBC_6L2Yk_c-u0nXZweHLRZd5flnagXc4Us7gTUg/viewform?usp=header,,20/7/2025,10/8/2025
https://viaonline.com.ar/ads/publicite.png,https://docs.google.com/forms/d/e/1FAIpQLSfEuoijbePBC_6L2Yk_c-u0nXZweHLRZd5flnagXc4Us7gTUg/viewform?usp=header,,20/7/2025,10/8/2025
https://viaonline.com.ar/ads/publicite.png,https://docs.google.com/forms/d/e/1FAIpQLSfEuoijbePBC_6L2Yk_c-u0nXZweHLRZd5flnagXc4Us7gTUg/viewform?usp=header,,20/7/2025,10/8/2025
https://viaonline.com.ar/ads/publicite.png,https://docs.google.com/forms/d/e/1FAIpQLSfEuoijbePBC_6L2Yk_c-u0nXZweHLRZd5flnagXc4Us7gTUg/viewform?usp=header,,20/7/2025,10/8/2025
https://viaonline.com.ar/ads/publicite.png,https://docs.google.com/forms/d/e/1FAIpQLSfEuoijbePBC_6L2Yk_c-u0nXZweHLRZd5flnagXc4Us7gTUg/viewform?usp=header,,20/7/2025,10/8/2025
https://viaonline.com.ar/ads/publicite.png,https://docs.google.com/forms/d/e/1FAIpQLSfEuoijbePBC_6L2Yk_c-u0nXZweHLRZd5flnagXc4Us7gTUg/viewform?usp=header,,20/7/2025,10/8/2025
https://viaonline.com.ar/ads/publicite.png,https://docs.google.com/forms/d/e/1FAIpQLSfEuoijbePBC_6L2Yk_c-u0nXZweHLRZd5flnagXc4Us7gTUg/viewform?usp=header,,20/7/2025,10/8/2025
https://viaonline.com.ar/ads/publicite.png,https://docs.google.com/forms/d/e/1FAIpQLSfEuoijbePBC_6L2Yk_c-u0nXZweHLRZd5flnagXc4Us7gTUg/viewform?usp=header,,20/7/2025,10/8/2025
https://viaonline.com.ar/ads/publicite.png,https://docs.google.com/forms/d/e/1FAIpQLSfEuoijbePBC_6L2Yk_c-u0nXZweHLRZd5flnagXc4Us7gTUg/viewform?usp=header,,20/7/2025,10/8/2025
https://viaonline.com.ar/ads/publicite.png,https://docs.google.com/forms/d/e/1FAIpQLSfEuoijbePBC_6L2Yk_c-u0nXZweHLRZd5flnagXc4Us7gTUg/viewform?usp=header,,20/7/2025,10/8/2025
https://viaonline.com.ar/ads/publicite.png,https://docs.google.com/forms/d/e/1FAIpQLSfEuoijbePBC_6L2Yk_c-u0nXZweHLRZd5flnagXc4Us7gTUg/viewform?usp=header,,20/7/2025,10/8/2025
https://viaonline.com.ar/ads/publicite.png,https://docs.google.com/forms/d/e/1FAIpQLSfEuoijbePBC_6L2Yk_c-u0nXZweHLRZd5flnagXc4Us7gTUg/viewform?usp=header,,20/7/2025,10/8/2025
https://viaonline.com.ar/ads/publicite.png,https://docs.google.com/forms/d/e/1FAIpQLSfEuoijbePBC_6L2Yk_c-u0nXZweHLRZd5flnagXc4Us7gTUg/viewform?usp=header,,20/7/2025,10/8/2025
